product,username,rating,comment
áo croptop màu đen áo crt thun nữ kiểu phối cổ sơ mi trắng ôm body tay dài sexy cá tính đẹp ngầu giá rẻ,y*****3,5,chất liệu cottonđẹp nha mọi người ơi ship hoả tốc trong hn là có hàng mặc rồi cho shop điểm mặc size fit với người luôn
áo croptop màu đen áo crt thun nữ kiểu phối cổ sơ mi trắng ôm body tay dài sexy cá tính đẹp ngầu giá rẻ,d*****5,5,chất đẹppppp khá ưng săn giảm giá giá quá rẻ mà không hiểu sao đặt áo cùng lúc mà cái ship trước cái ship sau
áo croptop màu đen áo crt thun nữ kiểu phối cổ sơ mi trắng ôm body tay dài sexy cá tính đẹp ngầu giá rẻ,min_nhii,4,chất liệu vaiđúng với mô tả đúngmàu sắc đenáo dày dặn vải quá là tuyệt vời mang lên người ôm eo rất xinh
áo croptop màu đen áo crt thun nữ kiểu phối cổ sơ mi trắng ôm body tay dài sexy cá tính đẹp ngầu giá rẻ,tnhi5420,5,đúng với mô tả đẹpchất liệu thun co giãnmàu sắc trang denáo đẹp lắm nha mang vào ai cũng bảo ốm nè thích hợp để mang đi làm nhìn lịch sự
áo croptop màu đen áo crt thun nữ kiểu phối cổ sơ mi trắng ôm body tay dài sexy cá tính đẹp ngầu giá rẻ,nhimmap03082017,5,tầm ngày có hàng vải caki dù lên dáng ok mình không lấy size xin lỗi cho rộng và dài mà mặc lên cũng ok lắm không rộng quá không chật quá
áo croptop màu đen áo crt thun nữ kiểu phối cổ sơ mi trắng ôm body tay dài sexy cá tính đẹp ngầu giá rẻ,aprilmaomao,5,màu sắc trắng đenchất liệu hỗn hợpđúng với mô tả đúngáo dễ thương hợp với đi làm form áo dài qua rốn hem phải croptop nha form ôm rất xinh nè chất liệu cũng ổn áp
áo croptop màu đen áo crt thun nữ kiểu phối cổ sơ mi trắng ôm body tay dài sexy cá tính đẹp ngầu giá rẻ,45c9ggc1kq,5,màu sắc đen trắngđúng với mô tả đúngchất liệu thunáo rất xinh nha giống ảnh mặc lên ôm dáng đẹp lắm nên mua giao hàng nhanh nữa yêu iu
áo croptop màu đen áo crt thun nữ kiểu phối cổ sơ mi trắng ôm body tay dài sexy cá tính đẹp ngầu giá rẻ,meongeongeo,5,chất liệu okmàu sắc đenđúng với mô tả dungsản phẩm rất đẹp mặc rất thích ok nói chung là phù hợp với giá tiền mặt rất là công sở
áo croptop màu đen áo crt thun nữ kiểu phối cổ sơ mi trắng ôm body tay dài sexy cá tính đẹp ngầu giá rẻ,toilathutho,5,đúng với mô tả dungchất liệu vaimàu sắc den trắngáo giống hình vải mặc cũng được mình không mặc vừa in dễ phối đồ
áo croptop màu đen áo crt thun nữ kiểu phối cổ sơ mi trắng ôm body tay dài sexy cá tính đẹp ngầu giá rẻ,e*****_,5,sản phẩm xinh yêu phối gì cũng cưngg rất là sweet chilling và không cho các bé btw mình pass áo size vì hông hợp màu đen thôi huhu cá dr ig khokinthaclub
áo croptop màu đen áo crt thun nữ kiểu phối cổ sơ mi trắng ôm body tay dài sexy cá tính đẹp ngầu giá rẻ,t*****5,5,phù hợp mặc vào mùa thu đông chất liệu co dãn thoải mái mình nghĩ áo phù hợp với những bạn người nhỏ giao hàng khá nhanh giá cũng ổn…
áo croptop màu đen áo crt thun nữ kiểu phối cổ sơ mi trắng ôm body tay dài sexy cá tính đẹp ngầu giá rẻ,t*****i,5,tại chất lượng cam tui xấu thôi chứ áo đẹp lắm vải thun gân co dãn tốt dày dặn thích lắm cũng dễ phối đồ ship nhanh
áo croptop màu đen áo crt thun nữ kiểu phối cổ sơ mi trắng ôm body tay dài sexy cá tính đẹp ngầu giá rẻ,x*****4,5,chất liệu cottonđúng với mô tả đúngmàu sắc trắng đensăn giảm giá áo có không mà đẹp đin bạn ơi gấc zâm vải co dãn tốt bận không bị nóng
áo croptop màu đen áo crt thun nữ kiểu phối cổ sơ mi trắng ôm body tay dài sexy cá tính đẹp ngầu giá rẻ,m*****2,5,áo siêu đẹp vải siêu dày máy nha mọi người giá rẻ mà chất lượng vô cùng khách hàng mua đừng tiếc nhé và các cháu một năm mới chúc gia đình em có thể làm được không ai biết được không ai nói gì vậy
áo croptop màu đen áo crt thun nữ kiểu phối cổ sơ mi trắng ôm body tay dài sexy cá tính đẹp ngầu giá rẻ,f*****e,5,chất liệu thunmàu sắc đen phối trắngchất vải mềm mịn mát mặc thoải mái vào mùa hè giao hàng khá nhanh điểm
áo croptop màu đen áo crt thun nữ kiểu phối cổ sơ mi trắng ôm body tay dài sexy cá tính đẹp ngầu giá rẻ,l*****2,5,giao hàng nhanhđặt hôm trước hôm sau có hàng luônáo đẹp nha mọi ngườiống tay không tháo rời được nhachất ok lắm nên mua
áo croptop màu đen áo crt thun nữ kiểu phối cổ sơ mi trắng ôm body tay dài sexy cá tính đẹp ngầu giá rẻ,normalyasmine,5,áo xinh lắm nha các bác mình nặng không mặc size vẫn vừa xjnk phù hợp mặc mấy hôm thơi tiết ẩm ương dở nắng dở lạnh nè shop đóng gói cẩn thận ship hoả tốc siêu lẹee
áo croptop màu đen áo crt thun nữ kiểu phối cổ sơ mi trắng ôm body tay dài sexy cá tính đẹp ngầu giá rẻ,nguyetnguyet191205,5,đúng với mô tả dungmàu sắc đenchất liệu vảiáo xinh lắm rẻ mà đẹp nữa dễ phối đồ nc lag oke la mọi người nên mu nha đẹp lắm mặc đi đâu cubgx hợp luôn không quá dày cubgx không quá mỏng rất hợp để mặc vào thời tiết này
áo croptop màu đen áo crt thun nữ kiểu phối cổ sơ mi trắng ôm body tay dài sexy cá tính đẹp ngầu giá rẻ,buihaiyen.amll,5,chất liệu totmàu sắc denđúng với mô tả dungđây là người trả tiền và tao thấy đẹp vì tao không phải trả tiền tiện đây tao giảm giá người yêu liên hệ nếu cần
áo croptop màu đen áo crt thun nữ kiểu phối cổ sơ mi trắng ôm body tay dài sexy cá tính đẹp ngầu giá rẻ,tuyen2706,5,thân chào chị em em năm nay tuổi từ ngày vào đây thấy các chị vừa trẻ đẹp ăn mặc lại có gu mê quá phong cách ăn mặc của em thì cũng không có gì đặc biệt đồ toàn mua trên mạng là chính vì nghiện shopping online cứ lên mạng thấy bộ nào đẹp là đặt về thôi nhưng cũng có một số trường hợp đặt về không mặc đượcmột số là hàng thiết kế còn lại chủ yếu là hàng công sở bánh bèo rất vui được giao lưu với các chị em trong nhóm
áo croptop màu đen áo crt thun nữ kiểu phối cổ sơ mi trắng ôm body tay dài sexy cá tính đẹp ngầu giá rẻ,bichngocpy93,5,đúng với mô tả đúng với mô tảchất liệu vải co dãnmàu sắc đen trắngsản phẩm đẹp đúng vớ mô tả gửi hàng nhanh sẽ ủng hộ shop
áo croptop màu đen áo crt thun nữ kiểu phối cổ sơ mi trắng ôm body tay dài sexy cá tính đẹp ngầu giá rẻ,thanhvinhk4,5,chất liệu mịnmàu sắc màu đenđúng với mô tả đúng với mô tảáo đẹp lắm nha mọi người ơi êi áo xứng đáng với giá tiền
áo croptop màu đen áo crt thun nữ kiểu phối cổ sơ mi trắng ôm body tay dài sexy cá tính đẹp ngầu giá rẻ,tranquyen20010,5,đúng với mô tả yasssmàu sắc dennchất liệu thun chac zay anó đẹp điêng luôn ai có định mua mua liền nha hình ảnh nhận xu thui
áo croptop màu đen áo crt thun nữ kiểu phối cổ sơ mi trắng ôm body tay dài sexy cá tính đẹp ngầu giá rẻ,phm.anh.th,5,lần đầu mua bừa cái áo mà ưng như này lại còn ship hoả rốc nặng không mặc vẫn thoải mái vì áo có co dãn nha đẹp mà rẻ oải cả chưởng
áo croptop màu đen áo crt thun nữ kiểu phối cổ sơ mi trắng ôm body tay dài sexy cá tính đẹp ngầu giá rẻ,nguyen_2101,5,mình đặt size lớn nhưng áo vẫn ôm và có độ co dãn mình nghĩ những bạn tròn tròn mặc sẽ cưng hơn là dáng mảnh như mình nói chung là là áo đẹp
áo croptop màu đen áo crt thun nữ kiểu phối cổ sơ mi trắng ôm body tay dài sexy cá tính đẹp ngầu giá rẻ,l*****u,5,màu sắc đenchất liệu cottonđúng với mô tả chuẩnđến thời điểm này thì tôi nghĩ là gege sẽ để yuji là người sống sót đến hết câu chuyện cá nhân thôi nhé nếu vẫn như lão nói bộ thầy trò chỉ có người được sống hoặc ngược lại thì bạn giờ cũng đã còn mỗi yuji lành lặn rồi
áo croptop màu đen áo crt thun nữ kiểu phối cổ sơ mi trắng ôm body tay dài sexy cá tính đẹp ngầu giá rẻ,m*****s,5,đúng với mô tả đúng mô tảchất liệu thunmàu sắc trắng đenáo hình chất đẹp lắm cũng khá dày dặn nữa giá vậy mà được áo như này thì quá là ổn
áo croptop màu đen áo crt thun nữ kiểu phối cổ sơ mi trắng ôm body tay dài sexy cá tính đẹp ngầu giá rẻ,hanneef__,5,màu sắc ddenchất liệu vải co giãnđúng với mô tả đúngmua shop lần áo đẹp nha vải co giãn mang ôm nhìn giống mấy thư ký dam dang lắm sẽ mua thêm cái nữa đề phòng cái kia có hư rách áo này cho mãi keo với shop
áo croptop màu đen áo crt thun nữ kiểu phối cổ sơ mi trắng ôm body tay dài sexy cá tính đẹp ngầu giá rẻ,l*****i,5,mặc thoải mái lắm mọi người ơi kiểu ôm vừa với có thể tớ thấy áo rẻ hơn so với chất lượng áo cũng kiểu dày dặn không mỏng kiểu lộ lớp áo bên trong nói chung là
áo croptop màu đen áo crt thun nữ kiểu phối cổ sơ mi trắng ôm body tay dài sexy cá tính đẹp ngầu giá rẻ,hoangvy.11.99,5,quên chụp lại nên lấy hình này đỡ hàng hình chất lượng vải phù hợp với giá tiền giao hàng nhanh nhân viên tư vấn nhiệt tình sẽ quay lại ủng hộ nhiều hơn
áo croptop màu đen áo crt thun nữ kiểu phối cổ sơ mi trắng ôm body tay dài sexy cá tính đẹp ngầu giá rẻ,buidiem112,5,chất liệu vairgiao hàng nhanh chóng và thấy nhiều người review oke nên mình mua nè với lại giá thành rẻ hợp lí nữa chưa thử nên chưa biết sao hình ảnh và video chỉ mang tính chất minh hoạ thoi nha mọi người tại lúc nhận rồi mở ra thì tui lười đánh giá lúc gần đi ngủ mới lo đi đánh giá lấy xu haha
áo croptop màu đen áo crt thun nữ kiểu phối cổ sơ mi trắng ôm body tay dài sexy cá tính đẹp ngầu giá rẻ,trnthcmvy138,5,đúng với mô tả áo xinhchất liệu thoáng mátmàu sắc trắng đenmua về mặc ai cũng khen hết giờ thành cái áo tui thích nhất trong tủ đồ nhìn keo lì lắm
áo croptop màu đen áo crt thun nữ kiểu phối cổ sơ mi trắng ôm body tay dài sexy cá tính đẹp ngầu giá rẻ,dobichhloann,5,chất liệu vaiđúng với mô tả đúngmàu sắc đen trắngvải đẹp nha mọi người chất dãn nên vẫn mong áo bé hơn xíu cho vừa người nhưng mà vẫn đẹp nhe giao hàng nhanh
áo croptop màu đen áo crt thun nữ kiểu phối cổ sơ mi trắng ôm body tay dài sexy cá tính đẹp ngầu giá rẻ,n*****2,5,đúng với mô tả okchất liệu okmàu sắc okgiao nhanh áo ok đẹp rẻ đóng gói ổn đài báo hôm nay trở gióanh đi đâu đó có nhớ tới em
áo croptop màu đen áo crt thun nữ kiểu phối cổ sơ mi trắng ôm body tay dài sexy cá tính đẹp ngầu giá rẻ,i*****i,5,nên mua nha mấy bà cổ sơmi đứng form tui lấy size nên mặc thoải mái nè không ôm sát người giao hàng cũng nhanh nữa hehe
áo croptop màu đen áo crt thun nữ kiểu phối cổ sơ mi trắng ôm body tay dài sexy cá tính đẹp ngầu giá rẻ,hgiangsiucute,5,chất liệu okemàu sắc ổnđúng với mô tả hâháo đẹp em không có gì để phàn nàn rất là yêu shop híhishi love diu sâu mắc
áo croptop màu đen áo crt thun nữ kiểu phối cổ sơ mi trắng ôm body tay dài sexy cá tính đẹp ngầu giá rẻ,9b4hebo9pq,5,áo đẹp chất thun giao hàng nhanh hơn không mà chất liệu ổn cổ áo với tay áo phối đẹp cứng cáp nên mua nha mọi người
áo croptop màu đen áo crt thun nữ kiểu phối cổ sơ mi trắng ôm body tay dài sexy cá tính đẹp ngầu giá rẻ,_trucphuonggg_,5,đẹppp mua liền nha trời shop cskh rep thế này nhanh chủ động đổi size vì đặt lộn nói chung là dễ thươngg mua nhaa
áo croptop màu đen áo crt thun nữ kiểu phối cổ sơ mi trắng ôm body tay dài sexy cá tính đẹp ngầu giá rẻ,nlmxuan,5,vải đẹp dày dặn giao hàng nhanh lắm hàng như hình rất đẹp hình mình để minh họa thôi lười chụp hàng hihi
áo croptop màu đen áo crt thun nữ kiểu phối cổ sơ mi trắng ôm body tay dài sexy cá tính đẹp ngầu giá rẻ,s*****o,5,thời gian vận chuyển rất hợp lí tôi đã đặt hàng với tâm thế hào hứng chờ đợi đế được trải nghiệm sản phẩm và tôi không hề bị chờ mỏi cổ có thể thấy bên vận chuyển không quản ngại thời tiết và đường xá xa xôi để đưa sản phẩm cho tôi trong thời gian ngắn nhất
áo croptop màu đen áo crt thun nữ kiểu phối cổ sơ mi trắng ôm body tay dài sexy cá tính đẹp ngầu giá rẻ,t*****n,5,hàng đóng gói rất đẹp quả nhiên người bán đã gửi rất nhiều tâm tư và tình cảm vào lúc gói hàng hộp không có dấu hiệu bị móp chứng tỏ bộ phận vận chuyển đã nâng như nâng trứng hứng như hứng hoa xin nghiêng mình cảm ơn vì tất cả
áo croptop màu đen áo crt thun nữ kiểu phối cổ sơ mi trắng ôm body tay dài sexy cá tính đẹp ngầu giá rẻ,ii7_2wwf9m,5,chất liệu thunmàu sắc denđúng với mô tả dungáo khá đẹp chất không quá dày cũng không quá mỏng với tiền như thế thì không đòi hỏi gì them giao hàng nhanh hình ảnh mang tính nhận xu nên mua nè
áo croptop màu đen áo crt thun nữ kiểu phối cổ sơ mi trắng ôm body tay dài sexy cá tính đẹp ngầu giá rẻ,uguc782eib,5,chất liệu thunmàu sắc đen trắngđúng với mô tả đúngvải ok nè phần áo sơmi đứng form đẹp nha shop hay live mọi người đợi live săn được giá lời nè tui săn live có không thôi hì hì hài lòng nha
áo croptop màu đen áo crt thun nữ kiểu phối cổ sơ mi trắng ôm body tay dài sexy cá tính đẹp ngầu giá rẻ,n*****5,5,màu sắc xinh quần áo đẹp quá choáy phố thì phải gọi tui là trùmmm mặc bộ này thì đảm bảo đẹp lung linh thành tâm điểm bữa tiệc luôn sắm luôn cả bộ quá xinh https shope ee fhexbgep
áo croptop màu đen áo crt thun nữ kiểu phối cổ sơ mi trắng ôm body tay dài sexy cá tính đẹp ngầu giá rẻ,visaohettien,5,quá đẹp săn giảm giá quá rẻ mà rất đẹp lên form rất cuốn ôm người tôn dáng lắm nha mình không mặc size rất là đẹp luônnn mà thoải mái lắm không ôm bó sát người đâuu
áo croptop màu đen áo crt thun nữ kiểu phối cổ sơ mi trắng ôm body tay dài sexy cá tính đẹp ngầu giá rẻ,juny_ngocnghech,5,đúng với mô tả dungsmàu sắc den trangchất liệu len tamthấy áo xinh đẹp nhé mọi người mua mặc đi làm đi chơi hàng ngày đều tiện nói chung oke mua ưng nên mua giá rẻ
áo croptop màu đen áo crt thun nữ kiểu phối cổ sơ mi trắng ôm body tay dài sexy cá tính đẹp ngầu giá rẻ,thuphuong.23_,5,áo mình nhận giống hình nhé mình không mặc size rất vừa vặn ôm body đẹp lắm cổ áo phần phối sơ mi cứng form tí nữa là đẹp nói chung rất ổn
áo croptop màu đen áo crt thun nữ kiểu phối cổ sơ mi trắng ôm body tay dài sexy cá tính đẹp ngầu giá rẻ,havungochuong,5,màu sắc okchất liệu okđúng với mô tả okgiao nhanh áo đẹp mọi người nên mua nhé ảnh lười chụp nên mình để ảnh khác mọi người thông cảm
áo croptop màu đen áo crt thun nữ kiểu phối cổ sơ mi trắng ôm body tay dài sexy cá tính đẹp ngầu giá rẻ,giahanmoonstar,5,đúng với mô tả okmàu sắc đenchất liệu vải thunsan phẩm giống hình chất liệu vải không dày cũng không mỏng lắm mặc okelaaaa shop giao hàng nhanh
áo croptop màu đen áo crt thun nữ kiểu phối cổ sơ mi trắng ôm body tay dài sexy cá tính đẹp ngầu giá rẻ,linhanhdez,5,màu sắc denchất liệu vải thíchđúng với mô tả áo đẹp vaiz cả chưởng chất vải xịn tốt lắm nha nên mua mình không size nhaa
áo croptop màu đen áo crt thun nữ kiểu phối cổ sơ mi trắng ôm body tay dài sexy cá tính đẹp ngầu giá rẻ,a*****9,5,chất liệu cottonđúng với mô tả yesmàu sắc đen trắngsản phẩm giống ảnh vải dày vừa không quá nóng form cổ và tay áo đứng trông siêu xinhhhh
áo croptop màu đen áo crt thun nữ kiểu phối cổ sơ mi trắng ôm body tay dài sexy cá tính đẹp ngầu giá rẻ,doanhuong47,5,đúng với mô tả hinhchất liệu vaimàu sắc denmặc lên fit dáng lắm nên mua nha mọi người ơi rẻ mà chất lượng oke lắm nha
áo croptop màu đen áo crt thun nữ kiểu phối cổ sơ mi trắng ôm body tay dài sexy cá tính đẹp ngầu giá rẻ,p*****g,5,màu sắc trang denđúng với mô tả đúng voi mo taao xinh siêu luon chat mỏng mát oke lắm phần cổ trắng cứng cáp chất lượng lắm
áo croptop màu đen áo crt thun nữ kiểu phối cổ sơ mi trắng ôm body tay dài sexy cá tính đẹp ngầu giá rẻ,phuongdung_22.,5,áo đẹp tiện lợi không phải mặc thêm sơ mi mua live rẻ được chục giai hàng nhanh luôn đặt nay mai giao
áo croptop màu đen áo crt thun nữ kiểu phối cổ sơ mi trắng ôm body tay dài sexy cá tính đẹp ngầu giá rẻ,b*****3,5,không phải nhân vật chính ông chú này mới là người để lại nhiều ấn tượng nhất trong đào phở và piano sau khi trải nghiệm đào phở và piano thì tôi thật sự rất bất ngờ với tuyến nhân vật phụ của bộ phim đặc biệt là nhân vật ông họa sĩ cha xứ và ông lão bán phở do nghệ sĩ trần lực trung hiếu anh tuấn thủ vai nếu bạn theo dõi feedback của nsnd trần lực thì có thể thấy hình tượng ông họa sĩ có phần nào đó khá giống với nói trần lực ngoài đời hóm hỉnh và đầy lãng mạn cuộc đời nhỏ của ông như bị nhấn chìm trong biển nghệ thuật từ âm nhạc hội họa cho đến những triết lý về cái đẹp còn nhân vật cha xứ do nsnd trung hiếu thủ vai vốn nghiêm túc và không có nhiều đất diễn chỉ xuất hiện trong đêm ngắn ngủi nhưng lối diễn xuất có chút gì đó hài hài vẫn mang lại nhiều tiếng cười cho người xem và cuối cùng là nhân vật ông bán phở của nghệ sĩ anh tuấn nhân vật không có tên nhưng cuối cùng thứ mà người xem nhớ nhất đó là ông đã tận hiến cho sự nghiệp bán phở của mình hay rộng hơn là tận hiến để gìn giữ nét văn hóa biểu tượng cho người hà nội còn thêm chi tiết nữa có thể nhiều khán giả trẻ chưa biết thì vợ chồng ông hàng phở cũng là cặp ngoài đời bà bán phở là nghệ sĩ nguyệt hằng tui không dám bàn hay nhận xét về chất lượng bộ phim vì mỗi người xem sẽ có những cảm nhận khác nhau nhưng tui nghĩ đây là bộ phim đáng xem và sẽ không khiến bạn thất vọng vịt beatvn
áo croptop màu đen áo crt thun nữ kiểu phối cổ sơ mi trắng ôm body tay dài sexy cá tính đẹp ngầu giá rẻ,jigalo09,5,hội thao khoá llct luật qlnn để chào mừng kỷ niệm năm ngày thành lập đoàn tncs hồ chí minh nhằm thúc đẩy phong trào thể dục thể thao rèn luyện sức khỏe trong sinh viên cơ hội để sinh viên trong khoá gặp gỡ giao lưu trao đổi kinh nghiệm trong các hoạt động thể thao phong trào giải thể thao mùa xuân đã diễn ra vòng loại với các kết quả như sau vòng loại thứ luật không luật không c• qlnn không luật không b• luật không luật không b• luậtk luật không avòng loại thứ luật không qlnn không luật không qlnn không qlnn không luật không a• luật không luật không bvòng loại thứ •••• địa điểm sân bóng đá thông tin hẻm ngô mây các bạn hãy cùng tham gia và cỗ vũ hết mình cho các đội trong những trận đấu tiếp theo cùng chúng tớ nhé
áo croptop màu đen áo crt thun nữ kiểu phối cổ sơ mi trắng ôm body tay dài sexy cá tính đẹp ngầu giá rẻ,ndtrang37,5,bàn chải điện giải pháp chăm sóc răng miệng thời đại mới bật mí bàn chải điện với công nghệ hiện đại siêu đỉnh giúp bạn chăm sóc răng miệng toàn diện hơn lý do vì sao bạn nên sử dụng bàn chải điện pro thay vì bàn chải thông thường công nghệ sóng âm hiện đại tạo ra các hạt siêu bọt microbubbles giúp sạch mảng bám đến so với bàn chải thông thường ngay cả trong những góc sâu của khoang miệng trải nghiệm nhịp chải phút gấp lần so với bàn chải thường và với khả năng làm sạch tối ưu mà không cần quá nhiều công sức như việc chải răng thông thường chải răng thông minh phù hợp với nhu cầu cùng chế độ chải sạch sâu chăm sóc nướu trắng răng trải nghiệm ngay https biết ly uqdqsn pss pro pro banchaidienps congnghesongam
áo croptop màu đen áo crt thun nữ kiểu phối cổ sơ mi trắng ôm body tay dài sexy cá tính đẹp ngầu giá rẻ,_anynguyen,5,đúng với mô tả đúngmàu sắc đenchất liệu thuntự tin là một trạng thái chắc chắn rằng một giả thuyết hoặc dự đoán là chính xác hoặc một hành động được lựa chọn là tốt nhất hoặc hiệu quả nhất có sự tự tin là có niềm tin vào chính mình sự kiêu ngạo hay ngạo mạn là sự tự tin không có căn cứ tin vào điều gì đó hoặc ai đó có khả năng trong khi họ không có điều đó
áo croptop màu đen áo crt thun nữ kiểu phối cổ sơ mi trắng ôm body tay dài sexy cá tính đẹp ngầu giá rẻ,thuhien_300521,5,màu sắc okchất liệu okđúng với mô tả ok quảng cáo hot miễn phí đổi esim lần duy nhất trên ứng dụng my viettel từ ngày đến chỉ vài thao tác đơn giản quý khách có thể sử dụng esim với nhiều tính năng hấp dẫn trên các thiết bị có hỗ trợ truy cập https myvt page link esim để đổi sim ngay chi tiết lh từ chối quảng cáo soạn trước gửi
áo croptop màu đen áo crt thun nữ kiểu phối cổ sơ mi trắng ôm body tay dài sexy cá tính đẹp ngầu giá rẻ,2*****6,5,hàng đóng gói rất đẹp quả nhiên người bán đã gửi gắm rất nhiều tâm tư và tình cảm trong lúc gói hàng hộp không có dấu hiệu bị móp chứng tỏ bộ phận vận chuyển đã nâng như nâng trứng hứng như hứng hoa xin nghiêng mình cảm ơn vì tất cả
áo croptop màu đen áo crt thun nữ kiểu phối cổ sơ mi trắng ôm body tay dài sexy cá tính đẹp ngầu giá rẻ,n*****3,5,màu sắc okchất liệu okđúng với mô tả oký nghĩa của từ là gì nghĩa là gì đây bạn tìm thấy nghĩa của từ bạn cũng có thể thêm một định nghĩa mình thumbs upload thumbs
áo croptop màu đen áo crt thun nữ kiểu phối cổ sơ mi trắng ôm body tay dài sexy cá tính đẹp ngầu giá rẻ,thutrang080705,5,chất liệu thun tamđúng với mô tả màu sắc đenáo đẹp mặc lên nhìn chững tuổi tí nhìn kiểu mấy cô thư kí hâhha mặc đi học bạn bảo themình cao không eo comment mặc vừa nhe size
áo croptop màu đen áo crt thun nữ kiểu phối cổ sơ mi trắng ôm body tay dài sexy cá tính đẹp ngầu giá rẻ,trlinhhhhhhh,5,lười chụp ảnh quá nhưng mà áo đẹp vãi chưởng wtf áo siêu đẹp luôn thề mặc đi học đi làm đi chơi phối khác nhau là ra vibe khác nhau liền áo đẹp lắm nói lần rồi nhé hihi
áo croptop màu đen áo crt thun nữ kiểu phối cổ sơ mi trắng ôm body tay dài sexy cá tính đẹp ngầu giá rẻ,trinhngocquynhanh3093,5,màu sắc đenchất liệu thunđúng với mô tả đúngminh mún pass áo này mặc lần thôi mặc ôm đúng như ảnh luôn dà lố nha không cần ảnh thật cứ inbox mình nha hnoi nhaaaa
áo croptop màu đen áo crt thun nữ kiểu phối cổ sơ mi trắng ôm body tay dài sexy cá tính đẹp ngầu giá rẻ,vungocbaochau99,5,bánh siêu ngonnnn thớ bánh mềm béo ơi là béo vì nhiều bơ đúng gu tui luôn mua để biếu người thân yêu dịp phục sinh quá là hợp lí
áo croptop màu đen áo crt thun nữ kiểu phối cổ sơ mi trắng ôm body tay dài sexy cá tính đẹp ngầu giá rẻ,t*****3,5,chất liệu không biecđúng với mô tả dúng mô tảmàu sắc đenáo đẹp lắm nha màu đen nên mua nha mọi người chỉ để lấu xu
áo croptop màu đen áo crt thun nữ kiểu phối cổ sơ mi trắng ôm body tay dài sexy cá tính đẹp ngầu giá rẻ,h*****a,5,màu sắc đen và trắngchất liệu thunđúng với mô tả giống ảnháo giống ảnh nói chung là ok lắm anh va video chi mang tinh chat nhan xu hoy
áo croptop màu đen áo crt thun nữ kiểu phối cổ sơ mi trắng ôm body tay dài sexy cá tính đẹp ngầu giá rẻ,cherrynguyennttpdu123,5,chất liệu okđúng với mô tả okmàu sắc okáo đẹp nha giá rẻ do săn giảm giá chỉ có không luôn tiền ship kkk khoái khoái hình ảnh để nhận xu
áo croptop màu đen áo crt thun nữ kiểu phối cổ sơ mi trắng ôm body tay dài sexy cá tính đẹp ngầu giá rẻ,v*****4,5,đúng với mô tả dungchất liệu okmàu sắc densan pham ok shop nam mới vui ve hoan hi cau mong tat ca mới nguoi deu bình an
áo croptop màu đen áo crt thun nữ kiểu phối cổ sơ mi trắng ôm body tay dài sexy cá tính đẹp ngầu giá rẻ,q*****2,5,chất liệu thun co giãnđúng với mô tả đmàu sắc đenáo xinh lắm co giãn ok dày vừa phải mặc không bị nóng
áo croptop màu đen áo crt thun nữ kiểu phối cổ sơ mi trắng ôm body tay dài sexy cá tính đẹp ngầu giá rẻ,bunnylisthy,5,chất liệu okimàu sắc okiđúng với mô tả cung dcgiá này thì khá oke thôi vải khách hàng biết có pịnga màu khách hàng nữa rcm nhe
áo croptop màu đen áo crt thun nữ kiểu phối cổ sơ mi trắng ôm body tay dài sexy cá tính đẹp ngầu giá rẻ,ngnnthyy068,5,áo xinh vừa vặn giao hàng nhanh ảnh tromg hình là mình đã mặc thêm cái áo len cổ khác rồi đó nha vì lạnh lém
áo croptop màu đen áo crt thun nữ kiểu phối cổ sơ mi trắng ôm body tay dài sexy cá tính đẹp ngầu giá rẻ,ozd5dodaq1,5,trời ơi áo đẹp xỉu mình là người nhỏ con ít khi nào mua đồ mà hợp lắm mà cái áo nó ôm vừa phải nói chung là
áo croptop màu đen áo crt thun nữ kiểu phối cổ sơ mi trắng ôm body tay dài sexy cá tính đẹp ngầu giá rẻ,phuongvy_pv,5,đúng với mô tả goodchất liệu thunmàu sắc đenáo đẹp che được khuyết điểm bắp tay to tôn eo mặc lên nhìn hơi dằm khăm hihi áo chuẩn size nạ
áo croptop màu đen áo crt thun nữ kiểu phối cổ sơ mi trắng ôm body tay dài sexy cá tính đẹp ngầu giá rẻ,chu04trnnguynbo,5,áo đẹp form dịu lắm luôn tot giao lại nhanh nữa nói chung đáng mua
áo croptop màu đen áo crt thun nữ kiểu phối cổ sơ mi trắng ôm body tay dài sexy cá tính đẹp ngầu giá rẻ,munngusi,5,giao hàng nhanh áo hợp giá tiền nên mua nhé mọi người săn giảm giá voucher oke
áo croptop màu đen áo crt thun nữ kiểu phối cổ sơ mi trắng ôm body tay dài sexy cá tính đẹp ngầu giá rẻ,k*****4,5,áo giá hạt mà chất lượng thì hơn cả mong đợi mặc lên khá tôn dáng
áo croptop màu đen áo crt thun nữ kiểu phối cổ sơ mi trắng ôm body tay dài sexy cá tính đẹp ngầu giá rẻ,bichngoc2202,5,chất lượng sản phẩm tuyệt vời đóng gói sản phẩm rất đẹp và chắc chắn
áo croptop màu đen áo crt thun nữ kiểu phối cổ sơ mi trắng ôm body tay dài sexy cá tính đẹp ngầu giá rẻ,nguyenthuuyen181999,5,màu sắc ddenchất liệu vải thunđúng với mô tả đúngáo đẹp mặc lên ôm bó người mặc rất xinh nên mua nha
áo croptop màu đen áo crt thun nữ kiểu phối cổ sơ mi trắng ôm body tay dài sexy cá tính đẹp ngầu giá rẻ,mylan352003,5,đẹp khỏi bàn mua đi nhìn ảnh shop để không đẹp chứ nhận về đẹp hơn mong đợi cổ tay và cổ áo là sơ mi thật mà chất mỏng chứ không dày đâu dày quá sẽ bị thô nói chung mua đi mí bà dễ phối mặc sang hay dễ thương đều được ne
áo croptop màu đen áo crt thun nữ kiểu phối cổ sơ mi trắng ôm body tay dài sexy cá tính đẹp ngầu giá rẻ,hhong.18,5,áo đúng xinh nha chất mặc mát không bị nóng form áo lên chuẩn nha
áo croptop màu đen áo crt thun nữ kiểu phối cổ sơ mi trắng ôm body tay dài sexy cá tính đẹp ngầu giá rẻ,tran_huyen2002,5,hàng đẹp chuẩn size giao hàng nhanh nên mua nha mọi người oi
áo croptop màu đen áo crt thun nữ kiểu phối cổ sơ mi trắng ôm body tay dài sexy cá tính đẹp ngầu giá rẻ,n*****6,5,áo đẹp xinh lắm nha mọi người mua đi kịp mặc tết kkk hình ảnh mang tính chất nhận xu ️️️
áo croptop màu đen áo crt thun nữ kiểu phối cổ sơ mi trắng ôm body tay dài sexy cá tính đẹp ngầu giá rẻ,t*****6,5,áo đẹp nha mình không mặc vừa chất vải cũng oke thoải mái
áo croptop màu đen áo crt thun nữ kiểu phối cổ sơ mi trắng ôm body tay dài sexy cá tính đẹp ngầu giá rẻ,thxvy__,5,áo đẹp nhé vải mỏng nhẹ ôm dáng đẹp mua live nên cũng được giá khá ổn nói chung là nên mua
áo croptop màu đen áo crt thun nữ kiểu phối cổ sơ mi trắng ôm body tay dài sexy cá tính đẹp ngầu giá rẻ,huyennanhn_29,5,chất lượng tốt giá rẻ rcm cho mọi người nên mua shop nheeee hihihi
áo croptop màu đen áo crt thun nữ kiểu phối cổ sơ mi trắng ôm body tay dài sexy cá tính đẹp ngầu giá rẻ,kimthanhssss,5,đúng với mô tả keomàu sắc đenchất liệu vảinhìn keoll lắm mọi người mình thấy nó hơi dài xíu thôi nhưng mà trông nó đẹp lắmmm
áo croptop màu đen áo crt thun nữ kiểu phối cổ sơ mi trắng ôm body tay dài sexy cá tính đẹp ngầu giá rẻ,thieulinh,5,chất liệu thunđúng với mô tả đúngmàu sắc đen trắngáo xinh lắm nha mặc rất là fit người có điều mình cao nên là tay bị ngắn chút thoi chất vải mỏng mát
áo croptop màu đen áo crt thun nữ kiểu phối cổ sơ mi trắng ôm body tay dài sexy cá tính đẹp ngầu giá rẻ,nthy0702,5,áo siêuu xinh mà giao siêu nhanh luôn chất lượng thì khỏi phải bàn luôn
áo croptop màu đen áo crt thun nữ kiểu phối cổ sơ mi trắng ôm body tay dài sexy cá tính đẹp ngầu giá rẻ,l*****2,5,áo xinh chất vải ok mình không mặc còn hơi rộng xí tại mình thích mặc ôm hơn nên bạn nèo thích mặc ôm thì chắc nên lấy size mặc vào như cô thư kí há há
áo croptop màu đen áo crt thun nữ kiểu phối cổ sơ mi trắng ôm body tay dài sexy cá tính đẹp ngầu giá rẻ,hangdoris93,4,màu sắc ddenđúng với mô tả đúngchất liệu nỉ da cááo khá đẹp ai mặc ôm thì nên mua
áo croptop màu đen áo crt thun nữ kiểu phối cổ sơ mi trắng ôm body tay dài sexy cá tính đẹp ngầu giá rẻ,p*****a,5,đúng với mô tả dungmàu sắc đen trắngshop chuẩn bị hàng nhanh đóng gói cẩn thận form áo đẹp
áo croptop màu đen áo crt thun nữ kiểu phối cổ sơ mi trắng ôm body tay dài sexy cá tính đẹp ngầu giá rẻ,p*****4,5,chất liệu mỏngđúng với mô tả đúngmàu sắc đúnggiao hàng nhanh đóng gói hàng cẩn thận áo mỏng tang luôn nhưng với giá tiền này thì không dám kì vọng nhiều
áo croptop màu đen áo crt thun nữ kiểu phối cổ sơ mi trắng ôm body tay dài sexy cá tính đẹp ngầu giá rẻ,ngoctrang01012002,5,chất liệu màu đen là vải thunmàu sắc trắng đenmình không mặc size như hìnhvải thun ôm cũng mát nhẹ
áo croptop màu đen áo crt thun nữ kiểu phối cổ sơ mi trắng ôm body tay dài sexy cá tính đẹp ngầu giá rẻ,huynhngochan_,5,cô đi mà lấy chồng tôi ep number go number và hốt number công nhận là cái nết thì rất chê nhưng mà chị ta sexy thật phim này chọn sumin đúng kiểu vibe trà xanh mắt long lanh em gái mưa ngon ngọt biết đong biết đưa trái ngược là jiwon người toàn xương xẩu giỏi làm dở tiêu cưới về làm vợ đúng là điểm nhưng đi ra ngoài thì không có cảm giác tự hào ーーーーーーーーーー marrymyhusband songhayoon leeyikyung
áo croptop màu đen áo crt thun nữ kiểu phối cổ sơ mi trắng ôm body tay dài sexy cá tính đẹp ngầu giá rẻ,nwd21a5esx,5,chất liệu thun với sơ mimàu sắc đenđúng với mô tả đúngthun áo không quá mỏng cũng không quá dày mặc thoải mái mát mẻ màn hình không bắp tay to mặc size vừa mặc tôn eo với lắm giá cũng rẻ so với chất lượng nữa nên mua nha áo mình mặc thấy bị tưa với bug chỉ cổ áo
áo croptop màu đen áo crt thun nữ kiểu phối cổ sơ mi trắng ôm body tay dài sexy cá tính đẹp ngầu giá rẻ,lyqunh813,5,chất liệu okđúng với mô tả okmàu sắc oáo xấu nhưng mà đẹp dkfjwnxjfjejxkw djendk djxjwnxja sks
áo croptop màu đen áo crt thun nữ kiểu phối cổ sơ mi trắng ôm body tay dài sexy cá tính đẹp ngầu giá rẻ,0ojlx13mfu,5,đúng với mô tả okchất liệu dày dặnmàu sắc đen phối cổ trắnghàng đẹp nha chất liệu dày dặn
áo croptop màu đen áo crt thun nữ kiểu phối cổ sơ mi trắng ôm body tay dài sexy cá tính đẹp ngầu giá rẻ,c*****4,5,áo đẹp lắm nhoéeee phần vải thun hơi mỏng tí nhưng tầm giá này thì được cái áo vậy thì okay
áo croptop màu đen áo crt thun nữ kiểu phối cổ sơ mi trắng ôm body tay dài sexy cá tính đẹp ngầu giá rẻ,h*****5,5,màu sắc đenchất liệu vải thunđúng với mô tả đúngáo xinh mặc tôn dáng nên mua nha mọi người áo xinh lắm
