author,rating,comment
n*****u,5,"CÃ´ng dá»¥ng:bÃ´i trÆ¡n

MÃ¹i hÆ°Æ¡ng thÆ¡m dá»‹u dÃ ng, chai to Ä‘Ã¹ng...chÆ°a dÃ¹ng nÃªn khÃ´ng biáº¿t cÃ³ nhÆ° quáº£ng cÃ¡o khÃ´ng, náº¿u Ä‘Æ°á»£c thÃ¬ tá»‘t sáº½ á»§ng há»™ tiáº¿p tá»¥c, táº·ng Shop nÄƒm sao vÃ¬ uy tÃ­n cháº¥t lÆ°á»£ng, giao hÃ ng nhanh chÃ³ng."
g*****_,5,"DÃ¢y sÃ¡ng, sáº¡ch Ä‘áº¹p. Da má»m. Dá»… thay. MÃ u tráº¯ng tinh khÃ´i. Háº¹n gáº·p láº¡i shop. Mnvxfghk lkhgd bvcx xcvb jhg iuhvb 12335 bvcghbc kwbc abvc á»±bc bhcf hgfs bckhc ougvx nvcfh bggy"
tnngikhng210,1,"Cháº¥t liá»‡u:nhá»±a
MÃ u sáº¯c:Ä‘en
ÄÃºng vá»›i mÃ´ táº£:hÃ ng dá»Ÿm nha

HÃ ng dá»Ÿm quÃ¡"
54nc8mq49q,5,"Cháº¥t liá»‡u:Nhá»±a
ÄÃºng vá»›i mÃ´ táº£:Ä‘Ãºng

Giao hÃ ng nhanh, ship nhiá»‡t tÃ¬nh, Ä‘á»“ng há»“ tráº» e mÃ  váº«n xem Ä‘c giá», vá»›i giÃ¡ máº¥y chá»¥c thÃ¬ quÃ¡ ráº»"
r*****5,5,"CÃ´ng dá»¥ng:makeup
Äá»™ bá»n mÃ u:oke

Cháº¥t kem má»ng, dá»… tÃ¡n, lÃªn da má»‹n vÃ  tá»‡p vÃ o da ráº¥t tá»± nhiÃªn, Ä‘á»™ bá»n mÃ u thÃ¬ nÃ³i chung cÅ©ng á»•n táº§m 2-3 tiáº¿ng, chá»‰ bá»‹ xuá»‘ng tone nháº¹, mÃ¹i thÆ¡m dá»… chá»‹u, Ä‘Ã³ng gÃ³i ráº¥t ká»¹"
thuongstoredaklak,5,"MÃ¬nh mua nhiá»u láº§n Ä‘á»“ cá»§a shop rá»“i, mua dÃ¹ng, mua giÃ¹m. Äá»“ cháº¥t lÆ°á»£ng, ráº» mÃ  xÃ i ok láº¯m nha! NÃªn mua nhe mng."
359dangkhoa,1,"Lá»«a Ä‘áº£o mua vá» khÃ´ng sá»­ dá»¥ng Ä‘Æ°á»£c. Gáº¯n vÃ o camera láº«n Ä‘iá»‡n thoáº¡i. Sá»­ dá»¥ng khÃ´ng Ä‘Æ°á»£c, dung lÆ°á»£ng áº£o.
Mua 2 tháº» 128 vÃ  64gb mÃ  khÃ´ng tháº» nÃ o dÃ¹ng Ä‘Æ°á»£c. Gáº¯n vÃ o Ä‘iá»‡n thoáº¡i copy hÃ¬nh áº£nh sang ráº¥t cháº­m vÃ  bá»‹ lá»—i náº¿u dung lÆ°á»£ng cao. 
CÃ¡c báº¡n hÃ£y Ä‘á»c Ä‘Ã¡nh giÃ¡ trÆ°á»›c khi mua Ä‘á»«ng nhÆ° mÃ¬nh."
nguyendung976,5,"Cháº¥t lÆ°á»£ng sáº£n pháº©m:tá»‘t
ÄÃºng vá»›i mÃ´ táº£:Ä‘Ãºng

Sáº£n pháº©m cá»§a mÃ¬nh cÅ©ng Ä‘Ã£ Äƒn sÃ¢u vÃ o trong nhÃ  quyÃªn gÃ³p á»§ng há»™ cá»§a cÃ¡c nhÃ  khoa há»c vÃ  cÃ´ng nghá»‡ thÃ´ng"
khanh_261,5,"Cháº¥t liá»‡u:ok
MÃ u sáº¯c:ok
ÄÃºng vá»›i mÃ´ táº£:Ä‘Ãºng

Ráº¥t Æ° lÃ  Æ°ng cÃ¡i sáº£n pháº©m nÃ y luÃ´n nha má»i ngÆ°á»i Æ¡i, mua Ä‘i chá»© khÃ´ng tiáº¿c láº¯m"
m*****t,5,"Cháº¥t lÆ°á»£ng sáº£n pháº©m:tot
ÄÃºng vá»›i mÃ´ táº£:Ä‘Ãºng

Giao hÃ ng nhanh, tiáº¿p tá»¥c á»§ng há»™ shop láº§n tá»›i, naoebehdk"
partmkgk,5,"MÃ u sáº¯c:Ä‘en
ÄÃºng vá»›i mÃ´ táº£:Ä‘Ãºng
Cháº¥t liá»‡u:thÃ©p

Ä‘á»“ng há»“ dÃ¹ng khÃ¡ oke, Ä‘eo lÃªn cÅ©ng Ä‘áº¹p ná»¯a, thÃ­ch"
huongxiu1992,2,HÃ ng nháº­n Ä‘Ãºng vá»›i quáº£ng cÃ¡o.nháº¯n tin cáº§n shop tÆ° váº¥n cÃ¡ch chá»‰nh giá» nhÆ°ng k rÃ©p láº¡i.k hÃ i lÃ²ng vá» cÃ¡ch chÄƒm sÃ³c khÃ¡ch hÃ ng
thanhhien386,5,"CÃ´ng dá»¥ng:chá»‘ng bá»¥i
Äá»‘i tÆ°á»£ng sá»­ dá»¥ng:ngÆ°á»i lá»›n

HÃ¬nh áº£nh mang tÃ­nh cháº¥t nháº­n xu.giao hÃ ng nhanh sÄƒn Ä‘Æ°á»£c giÃ¡ ráº» ná»¯a."
luna.ng,5,"Giá»‘ng hÃ¬nh, máº·c lÃªn khÃ¡ xinh vÃ  Ä‘iá»‡u. MÃ¬nh ráº¥t hÃ i lÃ²ng vÃ  sáº½ mua thÃªm sáº£n pháº©m bÃªn shop vÃ¬ quÃ¡ lÃ  xinh vÃ  giÃ¡ há»£p lÃ½"
janephan437,3,"MÃ u sáº¯c:Ä‘en
ÄÃºng vá»›i mÃ´ táº£:hÃ ng ok
Cháº¥t liá»‡u:tá»‘t

HÃ ng tá»‘t"
t*****y,5,"Sáº£n pháº©m tá»‘t giÃ¡ thÃ nh vá»«a pháº£i giao hÃ ng nhanh tÃ´i ráº¥t hÃ i lÃ²ng vá» sáº£n pháº©m , náº¿u cÃ³ cÆ¡ há»™i sáº½ á»§ng há»™ thÃªm"
thaosuong97,2,"MÃ¡y bay tÃ­ hon
Xe cÅ©ng tÃ­ hon 
Haha
ÄÃºng mua trÃªn máº¡ng nÃ³ tháº¿"
orchid202019,5,
ngocanh_0221,5,"MÃ¬nh láº¥y táº¡m mÃ u xanh nhÆ°ng mÃ u nÃ¢u mÃ¬nh dÃ¹ng tháº¥y thÆ¡m xá»‰u. NhÆ° mÃ¹i nÆ°á»›c hoa áº¥y, mÃ  bÃ¡m mÃ¹i cá»±c lÃ¢u. MÃ¬nh táº¯m cho bÃ© Poo mÃ  cáº£ tuáº§n váº«n cÃ²n mÃ¹i"
maithah123,5,"Äá»™ bá»n mÃ u:ddc
CÃ´ng dá»¥ng:che khuyáº¿t Ä‘iá»ƒm mÃ´i

SÃ i rá»“i ok nÃªn mua láº¡i, mÃ u 01 Ä‘Ã¡nh Ä‘a sá»‘ mÃ u nÃ o cÅ©ng há»£p nhÆ°ng mÃ u há»“ng Ä‘áº¹p hÆ¡n. Che cÅ©ng ok vá»›i nhÃ¬n mÃ´i dÃ y hÆ¡n Ã¡ mn. Rcm nÃªn mua áº¡"
non2fm3_tt,5,"Äá»‘i tÆ°á»£ng sá»­ dá»¥ng:ai cÅ©ng sd dcc
CÃ´ng dá»¥ng:Ä‘eo trÃªn máº·t chá»‘ng bá»¥i

kháº©u trang Ä‘áº¹p vá»«a máº·t, mua dc vá»›i giÃ¡ ráº»"
khau_trang_hp_001,5,"DÃ nh cho da:dáº§u má»¥n
CÃ´ng dá»¥ng:rá»­a máº·t
MÃ¹i hÆ°Æ¡ng:thÆ¡m dá»‹u

Giao hÃ ng nhanh giÃ¡ sale ráº» 
ChÆ°a dÃ¹ng ko bit cÃ³ há»£p da dáº§u ko ná»¯a
Náº¿u ok sáº½ sd tiáº¿p"
hephm147,5,"CÃ´ng dá»¥ng:giáº£m má»¥n
MÃ¹i hÆ°Æ¡ng:hÆ¡i mÃ¬u j Ã­
DÃ nh cho da:ko bt

cháº¯c tuá»³ cÆ¡ Ä‘á»‹a hay sao Ã¡, mk dÃ¹ng giáº£m má»¥n khÃ¡ rÃµ rá»‡t , nÃªn mua nha , giao hÃ ng nhanh láº¯m Ã­ áº¡"
m*****o,5,"Giao hÃ ng siÃªu siÃªu nhanh.shop Ä‘Ã³ng hÃ ng cháº¯c cháº¯n, cáº©n tháº­n, cÃ³ cáº£ thÆ° cáº£m Æ¡n ná»¯a. TuÃ½p kem nhá» xinh, nhÃ¬n xá»‹n xÃ², date xa tÃ­t táº¯p. Mong lÃ  sáº½ hiá»‡u quáº£ nhÆ° review "
taquanghien18787,2,Bay Ä‘Æ°á»£c 4-5 láº§n trong 3 phÃºt lÃ  ko bay Ä‘Æ°á»£c ná»¯a pháº£i sáº¡c 1 há»“i lÃ¢u má»›i bay tiáº¿p Ä‘Æ°á»£c.
khuyennguyen420,5,"Cháº¥t lÆ°á»£ng sáº£n pháº©m:OK

Sau khÃ´ng Ã©p vá»‰ cho cháº¥t lÆ°á»£ng"
nhuquynh.ne.2020,5,"Shop hÃ ng quá»‘c táº¿ nhÆ°ng mÃ  mÃ¬nh tháº¥y giao nhanh láº¯m lun máº·c dÃ¹ lÃ  mÃ¹a sale cá»§a shopee
Giao hÃ ng cáº©n tháº­n láº¯m Ã­
Báº¯t sÃ¡ng ok nÃªn mua nÃ¨"
ngocduyentranthi0795,5,"Cháº¥t liá»‡u:da
MÃ u sáº¯c:nÃ¢u
ÄÃºng vá»›i mÃ´ táº£:Ä‘Ãºng

HÃ´n nhÃ¢n lÃ  gÃ¬? HÃ´n nhÃ¢n lÃ  1 láº§n gáº·p gá»¡, háº¹n Æ°á»›c báº¡c Ä‘áº§u. 2 ngÆ°á»i náº¯m tay, thiÃªn trÆ°á»ng Ä‘á»‹a cá»­u."
ngothienan_2019,5,"ÄÃºng vá»›i mÃ´ táº£:Ä‘Ãºng
Cháº¥t liá»‡u:jean giáº¥y
MÃ u sáº¯c:Ä‘en

Shop chuáº©n bá»‹ vÃ  giao hÃ ng nhanh,Ä‘Ãºng vÃ  Ä‘á»§ sáº£n pháº©m,Ä‘Ã³ng gÃ³i cáº©n tháº­n,mÃ¬nh mua Ä‘Æ°á»£c giÃ¡ sale kÃ¨m vouchers live Ä‘Æ°á»£c giÃ¡ quÃ¡ há»i,quáº§n co giÃ£n vá»«a,sáº½ tiáº¿p tá»¥c á»§ng há»™ shop"
bchliulng,5,"Cháº¥t liá»‡u:da
MÃ u sáº¯c:nÃ¢u vÃ  xanh sáº«m
ÄÃºng vá»›i mÃ´ táº£:ráº¥t Ä‘Ãºng nha

Äá»“ng há»“ Ä‘áº¹p quÃ¡ áº¡, mik mua 2 cÃ¡i má»™t cho mik vÃ  má»™t cho máº¹, thá»±c sá»± ráº¥t thÃ­ch, mik chÆ°a dÃ¹ng lÃ¢u nÃªn ko biáº¿t cÃ³ bá»n ko, nhÆ°ng hiá»‡n táº¡i ráº¥t Æ°ng rá»“i Ã¡ğŸ˜š"
hoangtien121016,5,MÃ¬nh cÃ³ Ä‘áº·t 1 lá»“ng 1 tÃ¢áº§ng muá»‘n Ä‘á»•i láº¡i lá»“ng 2 táº§ng shop váº«n Ä‘á»•i cho. Lá»“ng Æ°ng láº¯m áº¡ cháº¯c cháº¯n mÃ  Ä‘áº¹p
chinguyen17106,5,"Cháº¥t liá»‡u:váº£i
MÃ u sáº¯c:be
ÄÃºng vá»›i mÃ´ táº£:dungd

Äáº¹p nha, khÃ´ng nghÄ© quáº§n bÃªn shop cháº¥t lÆ°á»£ng ok mÃ  giÃ¡ cáº£ há»£p lÃ½ váº­y luÃ´n, Ä‘Ã¡ng mua"
v*****r,5,"MÃ u sáº¯c: Ä‘áº¹p
Cháº¥t lÆ°á»£ng váº­t liá»‡u: cÃ´ng báº±ng
Xuáº¥t hiá»‡n: tá»‘t

Cá»­a hÃ ng Ä‘Ã³ng gÃ³i sáº£n pháº©m tá»‘t.â€‹ Äáº·t nÃ³ trong tÃºi, khÃ´ng cÃ³ bá»c bong bÃ³ng.â€‹ Sáº£n pháº©m Ä‘áº¿n nÆ¡i trong tÃ¬nh tráº¡ng tá»‘t.â€‹ KhÃ´ng cÃ³ thiá»‡t háº¡iâ€‹ Cá»­a hÃ ng váº­n chuyá»ƒn khÃ¡ nhanh.â€‹ KhÃ´ng pháº£i Ä‘á»£i lÃ¢uâ€‹ Ngay cáº£ khi gá»­i tá»« nÆ°á»›c ngoÃ iâ€‹Cung cáº¥p dá»‹ch vá»¥ tá»‘tâ€‹ Lá»‹ch sá»±â€‹ Gá»i Ä‘á»ƒ thÃ´ng bÃ¡o trÆ°á»›c khi giao hÃ ngâ€‹ Sáº£n pháº©m cÃ³ cháº¥t lÆ°á»£ng tá»‘t.â€‹ Sá»­ dá»¥ng mÃ£ giáº£m giÃ¡â€‹Cá»­a hÃ ngâ€‹30 à¸¿ bao gá»“m cáº£ mÃ£ miá»…n phÃ­ váº­n chuyá»ƒn.â€‹ Báº±ng cÃ¡ch nháº­n Ä‘Æ°á»£c má»™t sáº£n pháº©m dá»… thÆ°Æ¡ng miá»…n phÃ­â€‹ Hoa vÄƒn Ä‘áº¹pâ€‹ NÃ³ thá»±c sá»± hiá»‡u quáº£â€‹ TÃ´i giá»›i thiá»‡u cá»­a hÃ ng nÃ y.â€‹ NgÆ°á»i bÃ¡n dá»… thÆ°Æ¡ng, giá»›i thiá»‡u tá»‘t."
dannguyen373,5,HÃ ng ok Ä‘Ãºng nhu quáº£ng cÃ¡o ok dÃ¡n rá»… dÃ ng nhÃ¬n Ä‘áº¹p moi ngÆ°á»i lÃªn mua táº·ng sop 5sao nhÃ© cÃ²n Ä‘á»™ bá»n thÃ¬ pháº£i kiá»ƒm tra theo thá»i gian nÃ³i Chung hÃ ng ok
nml1784,5,"Äá»™ bá»n mÃ u:trung bÃ¬nh
CÃ´ng dá»¥ng:káº» viá»n mÃ´i

BÃ¢y Æ¡i bÃ¢y, che Ä‘Æ°á»£c viá»n thÃ¢m Ä‘en quanh mÃ´i t trÃ´ng xinh iu láº¯m. MÃ  nÃ y nhÆ° mÃ u ckÄ‘ thÃ´i Ã½, nÃªn báº¡n nÃ o muá»‘n cÃ³ mÃ u Ä‘áº­m hÆ¡n thÃ¬ mua 02 nha. T thÃ¬ cáº§n cÃ¡i nÃ y thuiii"
yl8au_fryn,1,"Äáº·t kháº©u trang 5D Thá»‹nh PhÃ¡t mÃ  shop giao kháº©u trang gÃ¬ Ä‘Ã¢y,giao khÃ´ng Ä‘Ãºng sáº£n pháº©m gÃ¬ háº¿t"
tranghmm204,5,"TÃ­nh nÄƒng ná»•i báº­t:tá»‘t
Cháº¥t lÆ°á»£ng sáº£n pháº©m:tá»‘t

Sáº£n pháº©m cháº¥t lÆ°á»£ng,tá»‘t k chÃª vÃ o Ä‘Ã¢u Ä‘c(HÃ¬nh áº£nh vÃ  vd chá»‰ manh tÃ­nh cháº¥t nháº­n xu)"
h*****h,5,"Bao bÃ¬/Máº«u mÃ£:ok
Äá»™ tuá»•i sá»­ dá»¥ng:ok
Cháº¥t lÆ°á»£ng sáº£n pháº©m:ok

Giao HÃ ng Nhanh phá»§ sÃ³ng 63 tá»‰nh thÃ nh trÃªn toÃ n quá»‘c, Ä‘Æ¡n ná»™i thÃ nh giao tá»‘c hÃ nh chá»‰ trong 24h. Chuyá»ƒn phÃ¡t nhanh, Ä‘Æ¡n hÃ ng thÃ nh cÃ´ng"
k*****n,5,Thá»i gian chuáº©n bá»‹ hÃ ng  giao hÃ ng ráº¥t nhanh. Sáº£n pháº©m cÃ³ tem chá»‘ng hÃ ng giáº£ hÃ ng nhÃ¡i.láº§n Ä‘áº§u sá»­ dá»¥ng hy vá»ng cÃ³ káº¿t quáº£ tá»‘t
n*****3,5,"giao hÃ ng nhanh, shipper nhiá»‡t tÃ¬nh, giao Ä‘Ãºng máº«u, cháº¥t lÆ°á»£ng sáº£n pháº©m tá»‘t,"
y*****7,3,"MÃ¹i hÆ°Æ¡ng:khÃ´ng mÃ¹i
DÃ nh cho da:thÆ°á»ng, da dáº§u
CÃ´ng dá»¥ng:lÃ m sáº¡ch da

Sá»¯a rá»­a máº·t cháº¥t lÆ°á»£ng, ngon, bá»• ráº» :)) rá»­a máº·t xong khÃ´ng bá»‹ khÃ´ cÄƒng, lÃ m sáº¡ch á»•n, giao hÃ ng nhanh, dÃ¹ng Ä‘áº¿n tuyp thá»© 3 rá»“i"
s9kh6nm5ju,5,"ÄÃºng vá»›i mÃ´ táº£:ddungs
Cháº¥t liá»‡u:váº£i mÃ¡t
MÃ u sáº¯c:quáº£ mÆ¡

Váº£i má»‹n , mÃ u be Ä‘áº­m , máº·c lÃªn mÃ¡t , ng á»‘m á»‘m tá»› nghÄ© máº¯c Ä‘áº¹p hÆ¡n 
78"
tuyendang05,5,"CÃ´ng dá»¥ng:lÃ€m Ä‘áº¹p
Äá»™ bá»n mÃ u:lÃ¢u

VÃ¬ lÃ  hÃ ng ngoÃ i nÆ°á»›c nÃªn tgian giao táº§m 10ngÃ y, Ä‘Ã³ng gÃ³i kÄ© cÃ ng, vá» bÃªn ngoÃ i lÃ  vá» nhÃ¡m, cáº§m nháº¹ tay Ãªm. BÃºt káº» giá»¯ Ä‘á»™ lÃ¢u khÃ¡ bá»n, nÃªn mua"
khangnguyn990,1,Sáº£n pháº©m quÃ¡ tá»‡. CÃ¡i lá»• giá»¯ bi quÃ¡ to bá» bá»‹ 8 vÃ o váº«n bá»‹ lá»t. DÃ¢y thÃ¬ k tá»‘t kÃ©o 3_4 cÃ¡i lÃ  Ä‘á»©t.
ngalqunhnga,5,"Cháº¥t lÆ°á»£ng sáº£n pháº©m:tá»‘t
ÄÃºng vá»›i mÃ´ táº£:Ä‘Ãºng

Sáº£n pháº©m ráº¥t tá»‘t Ä‘áº¹p, phÃ¹ há»£p giÃ¡ tiá»n, giao hÃ nh nhanh, láº§n sau sáº½ quay láº¡i á»§ng há»™
*HÃ¬nh áº£nh vÃ  vid chá»‰ mang tÃ­nh cháº¥t nháº­n xu"
ngan9225,5,"Cháº¥t liá»‡u:cotton
ÄÃºng vá»›i mÃ´ táº£:Ä‘Ãºng
MÃ u sáº¯c:há»“ng

Moi Quy khach soan tin de tham gia DV Data Plus:
1 gui 9598 de cong 2048MB (cuoc 15870d, su dung trong 5 ngay).
2 gui 9598 de cong 1024MB (cuoc 9144d, su dung trong vong 24h sau khi cong).
Tin nhan co hieu luc trong 24h. Chi tiet LH 198 (mien phi)."
minhduc823,5,
x*****s,5,"ÄÃºng vá»›i mÃ´ táº£:ÄÃºng
MÃ u sáº¯c:Äen
Cháº¥t liá»‡u:jean má»m

háº¥t jean má»m
Sáº£n pháº©m Ä‘áº¹p nha , cháº¥t ráº¥t ok luÃ´n, giao hÃ ng cÅ©ng nhanh , nÃ³i chung lÃ  nÃªn mua nhÃ©"
hminh102,5,"Cháº¥t lÆ°á»£ng sáº£n pháº©m:Tá»‘t
ÄÃºng vá»›i mÃ´ táº£:ÄÃºng

HÃ ng giao nhanh, loáº¡i nÃ y mÃ¬nh thÆ°á»ng hay Ä‘áº·t mua cho mÃ¨o nhÃ  mÃ¬nh Äƒn mÃ  toÃ n á»Ÿ Tp.HCM, nay cÃ³ á»Ÿ khu vá»±c HN nÃªn mÃ¬nh Ä‘áº·t luÃ´n. Má»—i tá»™i bá»c hÃ ng hÆ¡i sÆ¡ sÃ i. Sáº½ cÃ²n á»§ng há»™ shop dÃ i dÃ i."
q*****8,5,
uwqayqwvdu,5,"áº¢nh minh hoáº¡
HÃ ng chÃ­nh hÃ£ng chuáº©n bá»‹ giao hÃ ng nhann
ÄÃ³ng giis ccaanr thÃ¢nn nba
Sáº½ quay láº¡i newusbcos nhu cáº§u áº¡
Äáº§y Ä‘á»§ Ä‘Ãºng sá»‘ lÆ°á»£h Ä‘Äƒth"
nguyenthuhoaitayha,5,"Cháº¥t lÆ°á»£ng sáº£n pháº©m:tá»‘t
ÄÃºng vá»›i mÃ´ táº£:Ä‘Ãºng

Bá»‰m caryn cho ngÆ°á»i lá»›n. ChÃ¢t lÆ°Æ¡mgj tá»‘t, giao hÃ ng nhanh, bá»‰m chÃ­nh hÃ£ng miáº¿ng to, tiáº¿p tá»¥c unge há»™ shop"
mlinhl359,3,"MÃ¹i hÆ°Æ¡ng:khÃ´ng mÃ¹i
CÃ´ng dá»¥ng:cháº¿ Ä‘á»™ OK. nhÆ°ng chÆ°a biáº¿t cÃ³ OK vÃ  giáº£m Ä‘au má»i khÃ´ng vÃ¬ moi dÃ¹ng chÆ°a rÃµ

Giao hÃ ng nhanh sáº£n pháº©m chÆ°a dÃ¹ng chÆ°a biáº¿t .. vÃ  Ä‘á»™ bá»n thÃ¬ khÃ´ng rÃµ.. hÃ ng Ä‘Æ°á»£c gÃ³i cáº©n tháº­n"
pntjeby18q,3,"Cháº¥t lÆ°á»£ng sáº£n pháº©m:binh thuong
ÄÃºng vá»›i mÃ´ táº£:binh thuong

Má»i thá»© bÃ¬nh thÆ°á»ng. Má»i thá»© bÃ¬nh thÆ°á»ng. K cÃ³ giá»‘ng hÃ¬nh áº£nh miÃªu táº£. LiÃªn há»‡ thÃ¬ shop váº«n cho hoÃ n nhÆ°ng hoÃ n lÃ  quÃ¡ trÃ¬nh ráº¯c rá»‘i. MÃ¬nh k sÄƒn sale nÃªn k pháº£i vÃ¬ giÃ¡ mÃ  mÃ¬nh k hoÃ n nhÆ°ng sáº¯p tá»›i táº¿t r biáº¿t Ä‘Ã¢u káº¹t phÃ  lÃ  láº¡i toang."
06i8l7a7lz,5,"Cháº¥t lÆ°á»£ng sáº£n pháº©m:mÃ n chá»¥p Ä‘áº¹p cháº¯c cháº¯n
Äá»™ tuá»•i sá»­ dá»¥ng:tráº» em

MÃ n chá»¥p giá»‘ng nhÆ° hÃ¬nh áº£nh giao hÃ ng nhanh phá»¥ há»£p vá»›i giÃ¡ tiá»n ráº¥t hÃ i lÃ²ng vá»›i sáº£n pháº©m"
phcphanhng513,5,"MÃ u sáº¯c:mÃ u cam
ÄÃºng vá»›i mÃ´ táº£:Ä‘áº¹p
Cháº¥t liá»‡u:nhá»±a

Äáº¹p
Cháº¥t lÆ°á»£ng 
Äeo thÃ¬ tháº¥y oke"
jungminhwa278,5,ÄÃ£ nháº­n Ä‘Æ°á»£c hÃ ng. Äá»§ mÃ u mÃ¨. Cháº¡y tá»‘t cho bÃ© chÆ¡i thay Ä‘á»•i. Cháº¡y hÆ¡i loáº¡n
phamtruchh,5,"CÃ´ng dá»¥ng:gel

Giao hÃ ng nhanh , Ä‘Ã³ng gÃ³i cáº©n tháº­n , bá»c ká»¹ cÃ ng , che tÃªn , chÆ°a dÃ¹ng nÃªn chÆ°a Ä‘Ã¡nh giÃ¡ Ä‘c cháº¥t lÆ°á»£ng , ráº¥t thÃ­ch cÃ¡ch phá»¥c vá»¥ cá»§a shop, náº¿u tá»‘t sáº½ mua láº¡i"
vothithaonguyen.,5,HÃ ng táº·ng de thÆ°á»ng lÃ m nha giao hÃ ng nhanh dáº§n sale dc giÃ¡ ráº» ná»¯a chá»‰ 672k dc 2 tuÃ½p kem ma con dc táº·ng quÃ  ná»¯a
u*****8,3,"Äá»‘i tÆ°á»£ng sá»­ dá»¥ng:táº¥t cáº£
CÃ´ng dá»¥ng:Ä‘eo khá»­ khuáº©n

Äáº·t 50 Ä‘en -50 tráº¯ng mÃ  sao láº¡i giao 100 Ä‘en."
yenhabao,5,"ÄÃºng vá»›i mÃ´ táº£:ÄÃºng mÃ´ táº£
MÃ u sáº¯c:rÃªu & tráº¯ng

mÃ¬nh app mÃ£ giáº£m giÃ¡ 2 cÃ¡i 135k. mÃ  khÃ´ng ngá» cÃ¡i quáº§n nÃ³ dÃ y dáº·n xá»‹n xÃ² quÃ¡. sáº½ á»§ng há»™ shop nhÃ¬u láº§n sau ná»¯a"
x*****y,5,"CÃ´ng dá»¥ng:boi tron

giao hÃ ng nhanh nhue má»™t cÆ¡n giÃ³. vá»«a Ä‘áº·t hÃ´m trÆ°á»›c hÃ´m sau cÃ³ ngay. chÆ°a dÃ¹ng thá»­ nÃªn ko biáº¿t hiá»‡u quáº£ Ä‘áº¿n Ä‘Ã¢u. sáº½ Ä‘Ã¡nh giÃ¡ sau"
thuylin08,5,"Hinhf aáº£nh mang tÃ­nh minh hoáº¡. Giao nhanh, Ä‘Ã³ng gÃ³i cháº¯c cháº¯n, sp 10Ä‘"
thuc_pham_thiet_yeu,5,"MÃ u sáº¯c:Ä‘áº¹p Ä‘Ãºng mÃ u mÃ¬nh Ä‘áº·t
ÄÃºng vá»›i mÃ´ táº£:Ä‘Ãºng vá»›i mÃ´ táº£
Cháº¥t liá»‡u:nhá»±a xilicon má»m Ä‘eo im tay"
1*****n,5,"CÃ´ng dá»¥ng:Ä‘Ãºng
DÃ nh cho da:Ä‘Ãºng
MÃ¹i hÆ°Æ¡ng:Ä‘Ãºng

Shop Ä‘Ã³ng gÃ³i cáº©n tháº­n giao hÃ ng nhanh láº¯m áº¡. Sáº£n pháº©m giá»‘ng vá»›i mÃ´ táº£ giÃ¡ cáº£ há»£p lÃ½ láº¯m. SiÃªu xinh luÃ´n áº¡"
_dnae1guz0,5,"Sáº£n pháº©m ráº¥t xinh luÃ´n Ã½
NÃ y tha há»“ mÃ  táº¡o kiá»ƒu trÃ´ng ráº¥t Ä‘áº¹p luÃ´n"
u9j2_0w8x3,1,CÃ¡i rÄƒng thÆ°a mÃ  sao mua vá» vá»«a nhá» vá»«a ráº§n mÃ  cÃ²n k áº¥n Ä‘Æ°á»£c cho giá»‘ng nhau khÃ¡ nhiá»u muae 5 con mÃ  4 con giá»‘ng váº­t r
,5,"Ä‘Ã³ng gÃ³i cháº¯c cháº¯n láº¯m nha, mÃ¬nh má»Ÿ mÃ£i má»›i Ä‘Æ°á»£c
giao hÃ ng nhanh ná»¯a
thÃªm anh shipper nch nháº¹ nÃ ng, lá»‹ch sá»±
10 Ä‘iá»ƒm
mng nÃªn mua nha"
nguynsangvnmai,2,"Cháº¥t lÆ°á»£ng sáº£n pháº©m:tá»‘c Ä‘á»™ truyá»n áº£nh vÃ  video ráº¥t cháº­m. 20p má»›i xong má»™t video 1.2g
ÄÃºng vá»›i mÃ´ táº£:sáº£n pháº©m Ä‘Ãºng mÃ´ táº£

Tiá»n nÃ o cá»§a náº¥y nha má»i ngÆ°á»i. NÃªn mua tháº» thÆ°Æ¡ng hiá»‡u..."
dcm.25,5,"MÃ¹i hÆ°Æ¡ng:tuá»µt
CÃ´ng dá»¥ng:chá»‘ng náº¯ng
DÃ nh cho da:nháº¡y cáº£m

DÃ¹ng nhiá»u láº§n rá»“i khÃ´ng cÃ³ gÃ¬ pháº£i chÃª mong láº§n sau cho ck tháº³ng luÃ´n chá»© Ä‘á»«ngâ€¦â€¦."
an28thanh14,5,"Cháº¥t liá»‡u:ok
MÃ u sáº¯c:OK
ÄÃºng vá»›i mÃ´ táº£:OK

Táº¥t cáº£ Ä‘á»u Ä‘Ãºng vá»›i thÃ´ng tin dÄƒng trÃªn quáº£ng cÃ¡o, bÃ© ráº¥t thÃ­ch , sáº½ tiáº¿p tá»¥c á»§ng há»™ shop"
k7gn55b2q8,5,"ÄÃºng vá»›i mÃ´ táº£:Ä‘Ãºng
MÃ u sáº¯c:há»“ng
Cháº¥t liá»‡u:nhá»±a dáº»o

Giao hÃ ng nhanh, shipped thÃ¢n thiá»‡n, nhg mÃ  mk ko bt cÃ¡ch cho Ä‘á»“ng há»“ cháº¡y ( hÃ¬nh áº£nh mang tÃ­nh cháº¥t nháº­n xu)"
phuongphuong19072002,5,"Giao Ä‘Ãºng mÃ u Ä‘Ãºng máº«u, chÆ°a dÃ¹ng thá»­ k biáº¿t cÃ³ Ä‘eo vá»«a con máº¯t nhá» cá»§a tui khÃ´ng kkkk. Giao hÃ ng khÃ¡ nhanh cho shop 5 sao nha ğŸ‘ğŸ‘ğŸ‘ğŸ‘ğŸ‘ğŸ‘ğŸ‘"
_*****_,5,"CÃ´ng dá»¥ng:son
Äá»™ bá»n mÃ u:oke

mua bÃªn shop nÃ y juicy 24 rÃ²i nÃªn yÃªn tÃ¢mğŸ’¯mÃ u nÃ y Ä‘Ã¡nh lÃªn mÃ´i nhiá»u lá»›p mÃ u sáº½ lÃªn rÃµ hÆ¡nğŸ’–ğŸ’˜âœ¨ğŸ˜½ğŸ˜»"
c*****e,5,"Há»™p ráº¥t Ä‘áº¹p, cáº§m lÃªn tháº¥y náº·ng tay, cháº¥t lÆ°á»£ng ráº¥t tá»‘t luÃ´n. MÃ¬nh mua táº·ng máº¹, máº¹ mÃ¬nh ráº¥t thÃ­ch."
huyenmy.005,5,"DÃ nh cho da:má»i loáº¡i da
CÃ´ng dá»¥ng:Trá»‹ má»¥n
MÃ¹i hÆ°Æ¡ng:ThÆ¡m láº¯m

Giáº£m má»¥n háº³n náº¿u káº¿t há»£p vá»›i klenzit ms vÃ o buá»•i tá»‘i, megadou nÃªn bÃ´i buá»•i sÃ¡ng, bÃ´i 1 cÃ¡i thÃ¬ khÃ³ giáº£m má»¥n hÆ¡n tui thá»­ rá»“i. HÃ ng chÃ­nh hÃ£ng, cÃ³ tem chá»‘ng giáº£, shop tÆ° váº¥n nhiá»‡t tÃ¬nh, dÃ¹ng tháº¥y hiá»‡u quáº£ vÃ  ráº» hÆ¡n mua á»Ÿ hiá»‡u thuá»‘c 25k, tui Ä‘áº·t shopee cÃ³ 1 trÄƒm linh máº¥y"
t*****a,5,"Eo 68 cm, Äƒn no lÃªn 70 cm, mÃ´ng 90 vá»«a khÃ­t, Ä‘Æ°á»ng may Ä‘áº¹p xá»‰u, váº£i khÃ´ng nhÄƒn, ko co dÃ£n, cÃ³ nhiá»u tÃºi"
hoacr,5,"Má»›i Ä‘áº§u dÃ¹ng dÃ¢y bá»‹ cá»©ng, nhÆ°ng mÃ  giÃ¡ ráº» nÃªn v cx á»•n. Thay tháº¿ dá»… dÃ ng, giao hÃ ng nhanh."
,1,"Giao hÃ ng ko Ä‘Ãºng mÃ£ giá»›i thiá»‡u ,ghim áº£nh thá»‹nh phÃ¡t giao hÃ ng dimico chÃ¡n shop"
kieunhi2710,5,"MÃ u xin má»‹n mÃ ng bÃ¡m lÃ¢u , Giao hÃ ng nhanh, cháº¥t lÆ°á»£ng khÃ¡ lÃ  ok so vá»›i giÃ¡ cáº£ . Ráº¥t Æ°ng dá»‹ch vá»¥ cá»§a shop"
x*****0,5,"CÃ´ng dá»¥ng:bá»• sung giáº¥c ngá»§ ngon
Äá»‘i tÆ°á»£ng sá»­ dá»¥ng:ngÆ°á»i lá»›n

Sáº£n pháº©m tuyá»‡t vá»i giao hÃ ng nhanh Ä‘Ã³ng gÃ³i cáº©n tháº­n Ä‘Ã£ mua nhiá»u láº§n cá»§a shop rá»“i luÃ´n á»§ng há»™ cho shop bÃ¡n hÃ ng cháº¥t lÆ°á»£ng"
nguyenhuynhnguyen25,3,Mua hÃ ng mÃ u Ä‘en giao mÃ u há»“ng lÃ m Äƒn tháº¥t vá»ngğŸ˜¦ğŸ˜¦ğŸ˜¦
imhuenn,5,"Káº¿t cáº¥u:depd
Äá»™ bá»n mÃ u:ok
CÃ´ng dá»¥ng:ke matew

cá»© tÆ°á»Ÿng ra táº¿t ms nháº­n dc nhÆ°ng may quÃ¡ hÃ´m nay Ä‘Ã£ cÃ³ rÃ¹i, giÃ¡ ráº» mÃ u lÃªn xinh Ä‘áº§u bÃºt sá»£i lÃ´ng Ä‘Ãºng nhÆ° Ã½ mÃ¬nh. má»±c lÃªn Ä‘á»u bÃ¡m tá»‘t trÃªn da
5 â­ï¸â­ï¸â­ï¸â­ï¸â­ï¸"
t*****7,5,"Giao hÃ ng há»a tá»‘c nhanh ngay sau khi Ä‘áº·t, Ä‘Ã£ mua nhiá»u láº§n cháº¥t lÆ°á»£ng tá»‘t giÃ¡ cáº£ há»£p lÃ½ sáº½ tiáº¿p tá»¥c á»§ng há»™ shop nhÃ©"
r*****2,5,"Bao da cÃ³ mÃ u sáº¯c Ä‘áº¹p, má»—i thiáº¿t káº¿ pháº§n nam chÃ¢m chÆ°a hay láº¯m, nhÆ°ng dÃ¹ng váº«n Ä‘Æ°á»£c. Giao hÃ ng nhanh, Ä‘Ã³ng gÃ³i cáº©n tháº­n."
_z39jmm6h7,3,Thiá»‡t lÃ  ráº¥t hÃ³ng hÃ ng vá» luÃ´n mÃ  tháº¥y máº¥y báº¡n kia Ä‘Ã¡nh giÃ¡ cx á»•n ai ngá» hÃ ng vÃ¨ bá»‹ lá»—i pháº§n cá»• máº¥t tiÃªu báº¡n mik cx cÃ³ 1 con nÃªn má»›i mua ai dÃ¨ ko nhÆ° mong Ä‘á»£i mÃ  ráº» thÃ¬ cx chá»‹u thÃ´i haiz~máº¥y chá»• khÃ¡c cx lá»—i nhÆ°ng Ã­t hÆ¡n máº¯t bá»‹ mÃ©o Ä‘Æ°á»ng may thÃ¬ ko Ä‘á»u mÃ  ko Ä‘Ã¡ng ká»ƒ
nguyenhuyhoang75,5,Ä‘Ã³ng gÃ³i cáº©n tháº­n. Hang chuáº©n chÃ­nh hÃ£ng. Giao hÃ ng nhanh. dÃ¹ng á»•n. Ä‘Ã£ mua má»™t láº§n rá»“i.yÃªn tÃ¢m tá»‘t láº¯m. Sáº£n xuáº¥t táº¡i viá»‡t nam. báº£n 128g mua Ä‘Æ°á»£c giáº£m giÃ¡ cÃ²n 3.2 triá»‡u.
,1,"HÃ¬nh áº£nh gá»£i Ã½: mÃ u Ä‘en
CÆ¡ há»™i thÃ­ch há»£p: lá»… há»™i
GiÃ¡ trá»‹ Ä‘á»“ng tiá»n: tá»‘t

Äáº¿n mÃ  khÃ´ng cÃ³ há»™p, nhÆ°ng vá»›i giÃ¡ cáº£ thÃ¬ nÃ³ ráº¥t tuyá»‡t"
u*****4,5,"ÄÃºng vá»›i mÃ´ táº£:Ä‘Ãºng
MÃ u sáº¯c:hÆ¡i thiÃªn vá» be
Cháº¥t liá»‡u:mÃ¡t

MÃ u quáº§n cÅ©ng khÃ´ng ra mÃ u sá»¯a háº³n Ä‘Ã¢u mÃ  hÆ¡i nghiÃªng vá» mÃ u be nháº¡t áº¥y áº¡, Ä‘Æ°á»£c cÃ¡i cháº¥t váº£i ráº¥t mÃ¡t luÃ´n, mÃ  á»‘ng rá»™ng ná»¯a nÃªn mÃ¬nh máº·c vÃ o trÃ´ng cÅ©ng cao táº¡i mÃ¬nh cÃ³ m5 Ã "
nkocan,1,Ko biáº¿t mua vá» 0% sáº¡c láº¡i ko vÃ´ liÃªn há»‡ shop thÃ¬ nÃ³i cho qua rá»“i xong
cttng280,5,"MÃ¹i thÆ¡m láº¯m nha shiper thÃ¢n thiá»‡n ná»¯a nÃ¨ 
SÃ i ráº¥t Ãªm che khuyáº¿t Ä‘iá»ƒm ráº¥t tá»‘t kem má»‹n láº¯m nÃ¨ 
Ráº» ná»¯a Ä‘Ã¡ng Ä‘á»ƒ mua nhÃ©"
vantran954,2,"ÄÃ³ng gÃ³i + hÃ¬nh thá»©c oke.
TUY NHIÃŠN, má»—i láº§n cÃ¢n láº¡i ra 1 cÃ¢n náº·ng khÃ¡c nhau. CÃ¢n vui vui váº­y thÃ´i ae."
minhtam05121986,3,Sáº£n pháº©m Ä‘Ãºng nhÆ° mÃ´ táº£ nhÆ° khÃ´ng chui cáº¥m Ä‘iá»‡n nhÆ° váº­y sáº½ báº¥t tiá»‡n cho ngÆ°á»i dÃ¹ng
hngtm491,5,"Mua nháº§m 2 cáº·p, giÃ¡ ráº» báº¥t ngá» k biáº¿t cháº¥t lÆ°á»£ng ntn, giÃ¡ nÃ y thÃ¬ cÅ©ng sá»£ cháº¥t lÆ°á»£ng k tá»‘t. Táº·ng khÃ¢y gÆ°Æ¡ng trong xá»‹n láº¯m"
hongngoc18012004,5,"MÃ¹i hÆ°Æ¡ng:thÆ¡m
CÃ´ng dá»¥ng:lÃ m sáº¡ch da
DÃ nh cho da:dáº§u má»¥n

Sáº£n pháº©m tá»‘t, dÃ¹ng nháº¹ nhÃ ng, Ä‘Ã³ng gÃ³i cáº©n tháº­n, cháº¯c cháº¯n, giao hÃ ng nhanh"
kazjpdlz1a,5,"MÃ¹i hÆ°Æ¡ng:thÆ¡m
CÃ´ng dá»¥ng:dÆ°á»¡ng da
DÃ nh cho da:sáº¡m

Giao hÃ ng nhanh, sáº£n pháº©m khÃ´ng bá»‹ bÃ³p mÃ©o gÃ¬. ChÆ°a dÃ¹ng Ä‘áº¿n nÃªn chÆ°a biáº¿t cháº¥t lÆ°á»£ng nhÆ° tháº¿ nÃ o"
minhhale96,3,"ÄÃºng vá»›i mÃ´ táº£:sai mÃ u rá»“i
Cháº¥t lÆ°á»£ng sáº£n pháº©m:tá»‘t

MÃ¬nh Ä‘áº·t mÃ u tráº¯ng mÃ u shop láº¡i giao mÃ u Ä‘en lÃ  sai mÃ u Ã²i."
tunduy608,2,"Cháº¥t lÆ°á»£ng sáº£n pháº©m:kÃ©m

Äiá»u khiá»ƒn thÃ¬ dÃ¹ng Ä‘Æ°á»£c nhÆ°ng mÃ¡y bay sáº¡c pin Ä‘áº§y váº«n khÃ´ng bay Ä‘Æ°Æ¡c Ä‘iá»u khiá»ƒn mÃ  cá»© Ä‘á»©ng im"
maitrung2294,5,"CÃ´ng dá»¥ng:mÃ¡t xa
MÃ¹i hÆ°Æ¡ng:khÃ´ng

Giá»‘ng hÃ¬nh áº£nh quáº£ng cÃ¡o. MÃ¡y cháº¡y Ãªm. Äá»ƒ náº¥c cao nhÆ° giáº­t Ä‘iá»‡n Ã½.k chá»‹u dc. GiÃ¡ ráº» phÃ¹ há»£p. Shop 5sao"
phathong9092,5,
minhanhnguyn149,5,"ÄÃºng vá»›i mÃ´ táº£:Ä‘Ãºng
Cháº¥t lÆ°á»£ng sáº£n pháº©m:Ä‘áº¹p

Xinh láº¯m Ã­:)"
nhnngthanh500,2,NÃ³i cÃ³ cáº£m á»©ng mÃ  ko cÃ³ cáº£m á»©ng Ä‘c lÃ  sao
m*****1,1,"Cháº¥t liá»‡u:bÃ²
ÄÃºng vá»›i mÃ´ táº£:khÃ´ng
MÃ u sáº¯c:khÃ¡c vá»›i hÃ¬nh nháº­n hÃ ng mÃ u Ä‘áº­m hÆ¡n kiá»ƒu cÅ©ng khÃ¡c

mua vÃ¬ nhÃ¬n áº£nh mÃ u quáº§n vá»›i xem fb chuáº©n nÃªn Ä‘áº·t hÃ ng nma nháº­n Ä‘Æ°á»£c kh Ä‘Ãºng nhÆ° áº£nh:))"
hatuyen.1008,5,sáº£n pháº©m Æ°ng láº¯m nha thiáº¿t káº¿ Ä‘áº¹p cÃ³ mÃ¹i thÆ¡m giÃ¡ cÃ²n quÃ¡ chi lÃ  há»£p lÃ­
tranha1873,5,"Cháº¥t lÆ°á»£ng sáº£n pháº©m tuyá»‡t vá»i, shop Ä‘Ã³ng gÃ³i cháº¯c cháº¯n, khÃ´ng cÃ³ gÃ¬ Ä‘á»ƒ chÃª áº¡, nÃªn mua mn nhÃ©"
kimnguyenbesoo,5,"Cháº¥t lÆ°á»£ng sáº£n pháº©m:ok
ÄÃºng vá»›i mÃ´ táº£:ok

â€œTÃ´i ráº¥t háº¡nh phÃºc vá»›i káº¿t quáº£ hiá»‡n táº¡i. TÃ´i Ä‘Ã£ cÃ³ tráº£i nghiá»‡m tuyá»‡t vá»i vÃ  Ä‘Æ°á»£c tÆ° váº¥n cá»±c ká»³ nhiá»‡t tÃ¬nh. ÄÃ¡nh giÃ¡ cao Ä‘Ã£ quan tÃ¢m Ä‘áº¿n nhu cáº§u báº£o hiá»ƒm cá»§a tÃ´i vÃ  tÃ¬m kiáº¿m má»©c giÃ¡ tá»‘t nháº¥t. Anh áº¥y ráº¥t trung thá»±c vÃ  cá»±c ká»³ Ä‘Ã¡ng tin cáº­y. Cáº£m Æ¡n báº¡nâ€"
trankien145,2,Äc má»—i chá»©c nÄƒng lÃªn tháº³ng mÃ  ko dá»©t khoÃ¡t
vnhhuylnguyn,3,HÆ¡i bá»¥i vÃ  láº¯p thiáº¿u á»‘c. Vá»«a khui tÃºi bÃ³ng báº£o vá»‡ thÃ¬ rÆ¡i chá»‘t ra ngoÃ i
nguyenloan_1995,2,
n6fuzoabvs,5,"Cháº¥t lÆ°á»£ng sáº£n pháº©m:tot
Äá»™ tuá»•i sá»­ dá»¥ng:3
Bao bÃ¬/Máº«u mÃ£:tot"
minn2401,5,
anhsang97,5,"Cháº¥t lÆ°á»£ng sáº£n pháº©m tuyá»‡t vá»i, Ä‘Ã³ng gÃ³i ráº¥t kÄ©. NÃ³i chung ko cÃ³ gÃ¬ Ä‘á»ƒ chÃª. Giao hÃ ng siÃªu nhanh. Ráº¥t ok"
93pq8bjrti,5,"CÃ´ng dá»¥ng:Makeup ğŸ’…
Äá»™ bá»n mÃ u:Tá»‘t

XÃ i cá»§a hÃ£ng nhiá»u rÃ¹i ráº¥t lÃ  Æ°ng nhaaa 10 Ä‘iá»ƒm khÃ´ng cÃ³ nhÆ°ng :33 giao nhanh láº¯m luÃ´n ğŸ’"
huannguyen03,5,"ÄÃ³ng gÃ³i cháº¯c cháº¯n, giao hÃ ng thÃ¢n thiá»‡n. Very good ğŸ‘ğŸ‘ğŸ‘ğŸ‘ğŸ‘ ÄÃ£ Ä‘áº·t 1 láº§n dÃ¹ng tá»‘t nÃªn Ä‘áº·t thÃªm cÃ¡i ná»¯a , giao hÃ ng nhanh, Ä‘Ã³ng gÃ³i cáº©n tháº­n"
h*****2,5,"MÃ¹i hÆ°Æ¡ng:khÃ´ng
CÃ´ng dá»¥ng:dÃ¹ng hÃºt

Shop giao hÃ ng nhanh. GÃ³i hÃ ng chÄƒc cháº¯n. GiÃ¡ thÃ nh ráº» mÃ  cháº¥t lÆ°á»£ng. Láº§n sau sáº½ á»§ng há»™ tiáº¿p. Anh Ä‘i chÆ¡i vui quÃ¡ em khÃ´ng cÃ³ tiá»n mÃ  em Ã  em Ä‘i há»c chÆ°a"
trangchaang45271,5,"DÃ nh cho da:má»i loáº¡i da
MÃ¹i hÆ°Æ¡ng:khÃ´ng mÃ¹i
CÃ´ng dá»¥ng:chá»‘ng náº¯ng

Sáº£n pháº©m dÃ¹ng tá»‘t. Mua cá»§a hÃ£ng ráº¥t ráº». Há»£p lÃ½ hÆ¡n mua ngoÃ i mÃ  cÃ²n Ä‘Æ°á»£c nhiá»u quÃ  táº·ng. Ráº¥t Ä‘Ã¡ng duÌ€ng"
5p72bnkf9q,5,
n*****5,3,Quáº§n máº·c bá»‹ xÃ¹ lÃ´ng form Ä‘áº¹p nma vá»›i giÃ¡ tiá»n v mÃ  bá»‹ xÃ¹ lÃ´ng thÃ¬ ğŸ™‚
ntl09,1,"E Ä‘áº·t 3 con thÃ¬ giao cÃ³ 2 con,nháº¯n tin pháº£n há»“i 2 ngÃ y khÃ´ng thÃ¨m xem,shop xá»©ng Ä‘Ã¡ng 1 sao thÃ´i áº¡.Báº£o liÃªn há»‡ nhÆ°ng khÃ´ng há» nháº¯n giáº£i quyáº¿t,bá» tin nháº¯n tá»± Ä‘á»™ng Ä‘i,shop tÃ¬m nhÃ¢n viÃªn lÃ m viá»‡c cho Ä‘Ã ng hoÃ ng Ä‘i áº¡"
damnguyen016,5,nÃ³ hÆ¡i chÃ³ng máº·t
phuongnhi1805,5,
timdentuonglai,1,Cáº£m á»©ng gÃ¬ áº¥n cáº£ ngÃ y ko Ä‘Æ°á»£c. Mn Ä‘á»«ng tháº¥y ráº» mÃ  mua nhÃ©
trithao0814,3,"MÃ u sáº¯c:Ä‘á»§ mÃ u
Cháº¥t liá»‡u:nhá»±a

Äá»“ng há»“ cá»§a bÃ© gÃ¡i, nhÃ¬n Ä‘áº¹p dá»… thÆ°Æ¡ng nhÆ°ng mua 3 cÃ¡i thÃ¬ hÆ° 1 cÃ¡i... ngÆ°á»i ta bÃ¬nh luáº­n mÃ¬nh ko tin mua thá»­ bá»‹ hÆ° tháº­t 1 cÃ¡i"
anh100090,5,Sáº£n pháº©m ráº¥t Ok. Y nhÆ° quáº£ng cÃ¡o Ä‘Ã³ng gÃ³i cáº­n tháº­n vÃ  giao hÃ ng nhanh
vnbah807,1,HÃ ng ko cháº¥t lÆ°Æ¡ng khi giao hÃ ng. Má»™t micro ko sá»­ dá»¥ng Ä‘Æ°á»£c
d*****n,5,"ÄÃºng vá»›i mÃ´ táº£:oke
Cháº¥t lÆ°á»£ng sáº£n pháº©m:ok

Sáº£n pháº©m ráº», Ä‘Ãºng nhÆ° mÃ´ táº£, chÃ³ nhÃ  mÃ¬nh ráº¥t thÃ­ch, sáº½ á»§ng há»™ láº¡i shop"
hieuvanbui,1,"Cháº¥t lÆ°á»£ng sáº£n pháº©m:kÃ©m

Sp quÃ¡ tá»‡"
q*****g,2,"Remod báº¥m Ã­t nháº¡y, mÃ¡y bay loáº¡n xáº¡, khÃ´ng Ä‘iá»u khiá»ƒn Ä‘Æ°á»£c."
trucphunw_ng,3,"áº£nh mang tÃ­nh minh hoáº¡. Loa mÃ u Ä‘áº¹p, nghe hÆ¡i rÃ¨ vÃ  chÃ³i tai, mic thÃ¬ lÃºc káº¿t ná»‘i Ä‘c lÃºc k, hay bá»‹ ngáº¯t giá»¯a chá»«ng. NÃ³i chung lÃ  chá»‰ Ä‘c cÃ¡i máº«u mÃ£ Ä‘áº¹p vÃ  mÃ u siÃªu Ä‘áº¹p thÃ´i mng áº¡"
zt0js63149,5,"ÄÃºng vá»›i mÃ´ táº£:Giao hÃ ng nhanh , máº«u mÃ£ vÃ  mÃ u sáº¯c Ä‘Ãºng nhÆ° khi  Ä‘áº·t hÃ ng  . cho shop 5 sao"
yeho208,5,bÃ³p ráº¥t thÃ­ch tay nhÆ°ng lÃºc mua vá» mÃ¹i hÆ¡i ghÃª nha trÃ´ng cx cute
vonhung256,5,"Äá»“ng há»“ cháº¯c cháº¯n ,dÃ y dáº·n,cÃ³ Ä‘Ã¨n chá»›p nhÃ¬u kiá»ƒu,hÃ ng quá»‘c táº¿ nÃªn giao hÃ ng hÆ¡i lÃ¢u nhÆ°ng giÃ¡ ráº» Ä‘á»£i cÅ©ng ko sao"
7ynvlxr3r2,5,"Cháº¥t lÆ°á»£ng sáº£n pháº©m:cÃ³ chá»‰ thá»«a
Bao bÃ¬/Máº«u mÃ£:Ä‘Ã³ng gÃ³i cáº©n tháº­n
Äá»™ tuá»•i sá»­ dá»¥ng:3 tuá»•i trá»Ÿ lÃªn

Nhá» nÃ y Ä‘áº¹p láº¯m hÆ¡i báº¹o hÃ¬nh báº¹o dáº¡ng vá»›i cÃ³ chá»‰ thá»«a nhÆ°ng mÃ  tui kiáº¿m Ä‘Æ°á»£c em nÃ³ lÃ  giÃ¡ ráº» nháº¥t rá»“iğŸ¤©ğŸ¤©"
ngcphmtrn768,5,Form khong quÃ¡ xuáº¥t sáº¯c nhÆ°ng váº£i Ä‘áº¹p vÃ  phÃ¹ há»£p vá»›i giÃ¡ tiá»n
tuvinh070892,5,"ÄÃºng vá»›i mÃ´ táº£:dung mo ta
MÃ u sáº¯c:kem
Cháº¥t liá»‡u:khÃ´ng rÃµ

VÃ¢y mang ráº¥t oki. Äá»™ co giÃ£n ráº¥t thÃ­ch há»£p, mÃ¬nh Ä‘Ã£ mang thá»­ tháº¥y ráº¥t thÃ­ch. áº¢nh vÃ  video chá»‰ mang tÃ­nh cháº¥t nháº­n xu. HÃ ng giao nhanh"
hoadalangtu006,1,"Cháº¥t lÆ°á»£ng sáº£n pháº©m:kÃ©m
ÄÃºng vá»›i mÃ´ táº£:sai sá»± tháº­t!

Dung lÆ°á»£ng 128G mÃ  chá»‰ lÆ°u Ä‘c khoáº£n 500MB. Tá»‘c Ä‘á»™ ghi cháº­m vÃ i KB/s. LiÃªn há»‡ shop thÃ¬ hok tráº£ lá»i. A/e nÃªn nÃ© shop nÃ y ra nhÃ©!"
zsgtrfvbyuj8,5,"ÄÃºng vá»›i mÃ´ táº£:100%
Cháº¥t lÆ°á»£ng sáº£n pháº©m:ok ok ok ok ok

Giao hÃ ng nhanh chÃ³ng chÃ¢t lÆ°á»£ng sáº£n pháº©m tuyá»‡t vá»i sáº½ á»§ng há»™ láº§n tá»›i"
h*****9,5,"CÃ´ng dá»¥ng:ke vien moi
Äá»™ bá»n mÃ u:kha

BÃ  nÃ o bá»‹ thÃ¢m viá»n mÃ´i muá»‘n dÃ¹ng son nháº¡t mÃ u thÃ¬ nÃªn mua liá»n 1 cÃ¢y nha , che khuyáº¿t Ä‘iá»ƒm tá»‘t, vá»›i giÃ¡ nÃ y thÃ¬ k cÃ³ gÃ¬ Ä‘á»ƒ chÃª, sáº½ mua láº¡i"
h*****e,5,"MÃ u sáº¯c:vÃ ng, lá»¥c
ÄÃºng vá»›i mÃ´ táº£:Ä‘Ãºng

Tá»‘t"
kujirawhale,5,"ÄÃºng vá»›i mÃ´ táº£:hÆ¡i bá»‹p
Cháº¥t liá»‡u:nhá»±a bá»n, máº·t kÃ­nh hÆ¡i xÆ°á»›c
MÃ u sáº¯c:Ä‘enn

DÃ¹ng khÃ¡ thÃ­ch, vá»«a tay, hÆ¡i khÃ³ chá»‰nh giá»"
olb8evhtxj,5,"Cháº¥t liá»‡u:tot
MÃ u sáº¯c:dep
ÄÃºng vá»›i mÃ´ táº£:dung

siu Ä‘áº¹p lun nha ğŸ¥°[QC] Co hoi trung xe MINI PS Bespoke Edition khi chi tieu the UOB tu 2 trieu VND. Chi tiet go.uob.com/MiniPS. Tu choi QC UOB, lien he 1800599921"
tinttuyt649,1,Treo Ä‘áº§u dÃª bÃ¡n thá»‹t chÃ³ Ä‘áº·t kháº©u trang thá»‹nh phÃ¡t mÃ  láº¡i Ä‘á»•i qua dimico cho khÃ¡ch lÃ m Äƒn gian láº­n quÃ¡
mw9k2qv5_7,5,"Máº«u mÃ£ Ä‘a dáº¡ng, bÃ© chÆ¡i ráº¥t thÃ­ch, rÃ¨n luyá»‡n kÄ© nÄƒg cho bÃ©. Ship nhanh, sÄƒn sale 55k ráº» hÆ¡n mua ngoÃ i 5k ğŸ˜†"
tuananh0649,5,"ÄÃºng vá»›i mÃ´ táº£:ok
Cháº¥t lÆ°á»£ng sáº£n pháº©m:ok

NÃªn mua khÃ¡ Ä‘áº¹p váº­n chuyá»ƒn nhanh shippe hiá»n dá»… tÃ­nh ae nÃªn mua nhÃ© kkkkk áº£nh lÃ  Ä‘á»ƒ Ä‘áº¹p Thui"
huyentrang_0106,5,MÃ¬nh nua cá»§a shop máº¥y láº§n rá»“i vÃ  láº§n nÃ o mÃ¬nh cÅ©ng Æ°ng vÃ¬ giao hÃ ng nhanh vÃ  bá»c hÃ ng cáº©n tháº­n.buÃ´n bÃ¡n cÃ³ tÃ¢m áº¯t sáº½ cÃ³ nhiá»u khÃ¡ch.thank shop nhÃ©.sau láº¡i mua tiáº¿p
t*****u,1,"NhÆ° lá»«a Ä‘áº£o bÃ¡n mÃ¡y Ä‘á»ƒu váº­y, mua Ä‘c 1 tuáº§n thÃ¬ lá»—i ko nháº­n Ä‘c sim. Ra cá»­a hÃ ng shopdunk xÃ£ Ä‘Ã n thÃ¬ shop bÃ¡o lá»—i do linh kiá»‡n nhÃ  sáº£n xuáº¥t, nhÆ°ng vÃ¬ mua qua shopee nÃªn shop ko há»— trá»£ Ä‘á»•i má»›i. DÃ¹ mua qua shopee hay mua táº¡i cá»­a hÃ ng thÃ¬ váº«n lÃ  mÃ¡y mua tá»« Shopdunk, táº¡i sao láº¡i ko há»— trá»£ nhÆ° váº­y? Ba máº¥y tr chá»© cÃ³ pháº£i máº¥y trÄƒm nghÃ¬n Ä‘Ã¢u mÃ  shop phá»§i tay vÃ´ trÃ¡ch nhiá»‡m tháº¿?"
thucngao_2107.93,5,"Giao hÃ ng nhanh, hÃ´m Ä‘áº§u tiÃªn uá»‘ng ngá»§ ráº¥t ngon, máº¥y hÃ´m sau thÃ¬ cÅ©ng bÃ¬nh thÆ°á»ng, Ä‘Ã£ uá»‘ng gáº§n 1 tuáº§n, hi vá»ng hiá»‡u quáº£"
c*****s,5,"Cháº¥t lÆ°á»£ng sáº£n pháº©m:Ä‘Ãºng
ÄÃºng vá»›i mÃ´ táº£:Ä‘Ãºng

Ra Ä‘á»i mÃ´ ms trÆ°hc cÃ³ chi nhÃ¡nh cá»§a t Ä‘á»ƒ tiá»n Ä‘Ã³ Äƒn uá»‘ng Ä‘á»“ uá»‘ng cÃ³ chá»©a nhiá»u vitamin vÃ  khoÃ¡ng sáº£n lÃ  kÃ­ Ä‘Æ¡n vá»‹ trá»±c vs t thÃ¬ láº¡i cÃ ng khÃ´ng pháº£i lÃ  Ä‘iá»u khÃ­ há»“i chá»« Ã  mÃ  cÅ©ng cháº³ng Ä‘Ã£ nha haha cÃ³ thÃ¬ Ä‘á»ƒ láº¡i Ä‘Ã³ lÃ  tháº¥p thuii lÃ m viá»‡c táº¡i"
ngoc_linh_2704,5,"TÃ­nh nÄƒng ná»•i báº­t:tot
ÄÃºng vá»›i mÃ´ táº£:dung
Cháº¥t lÆ°á»£ng sáº£n pháº©m:tot

HÃ¬nh áº£nh vÃ  video chá»‰ mang tÃ­nh cháº¥t nháº­n xu, Ä‘t mÃ¬nh dÃ¹ng tá»« trÆ°a Ä‘áº¿n tá»‘i tháº¥y sá»‹n láº¯m, Ãªu Ã´i sÄƒn Ä‘c giÃ¡ ráº» mÃ  cháº¥t lÆ°á»£ng tháº­t Ã½"
anh_thu_20.19,5,"CÃ´ng dá»¥ng:che khuyáº¿t Ä‘iá»ƒm
Äá»™ bá»n mÃ u:chx dÃ¹ng nÃªu chx bt

ÄÃ³ng gÃ³i cháº¯c cháº¯n, mÃ u xiu Ä‘áº¹p nha. Cháº¥t kem mÆ°á»›t má»m, che má»¥n sáº¹o oke. Bn nÃ o má»›i táº­p makeup nhÆ° mk nÃªn mua vá» táº­p nhoa. MÃ u á»Ÿ ngoÃ i xÃªnh hÆ¡n nhÃ¬u."
y6wey91a9a,5,"Äá»™ tuá»•i sá»­ dá»¥ng:moi lua tuoi deu mua duoc
Cháº¥t lÆ°á»£ng sáº£n pháº©m:hoi nho nhma dep lam moc khoa cap ok
Bao bÃ¬/Máº«u mÃ£:dung mau ma giao hang nhanh

nÃªn mua"
tranhuyentran360,5,"Qua hÃ´m sau Ä‘Æ°á»£c giao hÃ ng roi, hÃ ng gÃ³i kÄ©, khÃ´ng bá»‹ ná»©t náº». Shipper thÃ¢n thiá»‡n."
kelseyhiddleston,1,"Cháº¥t lÆ°á»£ng sáº£n pháº©m:shop giao sáº£n pháº©m lá»—i, nháº¯n tin thÃ¬ khÃ´ng tráº£ lá»i, mÃ¬nh biÃªts Ä‘Ã¢y lÃ  shop nÆ°á»›c ngoÃ i kháº£ nÄƒng cao lÃ  giao sáº£n pháº©m lá»—i nhÆ°ng cáº§n pháº£i tÃ´n trá»ng khÃ¡ch hÃ ng má»™t chÃºt xÃ­u. BÃ¡n hÃ ng trang web Viá»‡t Nam mÃ  khÃ´ng lÃ m Äƒn Ä‘Ã ng hoÃ ng. Ã€ mÃ¬nh biáº¿t tiáº¿ng trung nhÃ© nÃªn khi complain sáº£n pháº©m cÅ©ng báº±ng tiáº¿ng trung nhÆ°ng shop váº«n nháº¥t quyáº¿t khÃ´ng tráº£ lá»i nhÃ© :))) má»i ngÆ°á»i nÃªn cáº©n tháº­n khÃ´ng thÃ´i sáº½ nhÆ° mÃ¬nh. Giá» hÃ ng vá» mÃ  sÃ i hong Ä‘Æ°á»£c cÅ©ng vá»©t thÃ´i, tá»‘n 30 máº¥y k Ä‘á»ƒ vá»©t sá»t rÃ¡c cÅ©ng uá»•ng, má»i ngÆ°á»i tÃ¬m shop khÃ¡c uy tÃ­n hÆ¡n nhÃ©."
thanhlamnguyen549,3,ÄÆ°á»£c
nguyenhgdfhj,5,"MÃ¹i hÆ°Æ¡ng:thÆ¡m
DÃ nh cho da:má»¥n
CÃ´ng dá»¥ng:tá»‘t

Tháº­t lÃ  Ä‘áº¹p ráº» ná»¯a nhÃ© nÃªn mua nha má»i ngÆ°á»u Æ¡i Ã¡o ráº¥t xinh phÃ¹ há»£p vá»›i cÃ¡c báº¡n ná»¯ láº¯m áº¡ ,Ã¡o Ä‘áº¹p vá»«a váº·n phá»‘i Ä‘á»“ ráº¥t lÃ  ok luÃ´n nha má»i nhá»i"
daozen,2,"Cháº¥t lÆ°á»£ng sáº£n pháº©m:ok
TÃ­nh nÄƒng ná»•i báº­t:Ä‘Ã³ng gÃ³i quÃ¡ tá»‡

sp thÃ¬ ok nhÆ°ng Ä‘Ã³ng gÃ³i quÃ¡ tá»‡, cÃ¢y cá» dÃ i hÆ¡n há»™p mÃ  cá»‘ nhÃ©t vÃ o lÃ m há»ng cáº£ Ä‘áº§u cá». mong shop má»‘t luu Ã½"
phinh238,5,"ÄÃºng vá»›i mÃ´ táº£:Ä‘Ãºng
Cháº¥t lÆ°á»£ng sáº£n pháº©m:tá»‘t

Shop giao nhanh, mÃ¡y mÃ¡y bay quáº¡t hÆ¡i máº¡nh. Sáº£n pháº©m tá»‘t"
nhuy_2706,5,"ÄÃºng vá»›i mÃ´ táº£:Ä‘Ãºng
TÃ­nh nÄƒng ná»•i báº­t:nhÆ° má»i cÃ¡i Ä‘iá»‡n thoáº¡i cÃ¹i báº¯p khÃ¡c
Cháº¥t lÆ°á»£ng sáº£n pháº©m:tá»‘t

GiÃ¡ ráº» , Ä‘iá»‡n thoáº¡i ngon , sÄƒn sale ná»¯a nÃªn bao há»i"
l*****4,5,"CÃ´ng dá»¥ng:mÃ¡t xa
MÃ¹i hÆ°Æ¡ng:ko

NÃªn tham kháº£o cÃ¡ch dÃ¹ng trÃªn Youtube trÆ°á»›c nhÃ©. DÃ¡n vÃ o rá»“i hÃ£y báº­t mÃ¡y. MÃ¬nh báº­t mÃ¡y vÃ o rá»“i má»›i dÃ¡n lÃ m giáº­t phÃ¡t háº¿t há»“n. MÃ¡y nÃ y thÃ­ch há»£p vá»›i ngÆ°á»i nÃ o bá»‹ tÃª bÃ¬ hay tháº§n kinh máº¥t cáº£m giÃ¡c náº·ng thÃ¬ dÃ¹ng thÃ­ch há»£p hÆ¡n lÃ  bá»‹ nháº¹."
t*****7,5,"CÃ´ng dá»¥ng:lÃ m Ä‘áº¹p
MÃ¹i hÆ°Æ¡ng:khÃ´ng

Giao hÃ ng nhanh ,Ä‘Ã³ng gÃ³i kÄ© cÃ ng 
Len mÃ u xinh xá»‰u 
ChÆ°a Ä‘eo cx tháº¥y mÃ u xinh rÃ¹i
Sd tá»‘t sáº½ quay láº¡i á»§ng há»™ shop ğŸ˜»"
nguyenhuong23012004,5,"MÃ¬nh chÆ°a dÃ¹ng nÃªn chÆ°a rÃµ sáº£n pháº©m nhÆ° nÃ o nhÆ°ng xinh láº¯m luÃ´n áº¥y. Chá»‰nh chu tá»«ng bÆ°á»›c tá»« bao bÃ¬, Ä‘Ã³ng gÃ³i, thÆ° cáº£m Æ¡n, mÃ³n quÃ , báº£o hÃ nh lun áº¡.
CÃ³ táº·ng kÃ¨m 1 vÃ²ng tay vs pin nh mÃ  mk chÆ°a rÃµ thay pin á»Ÿ chá»— nÃ o áº¡"
binhchibao,5,"CÃ´ng dá»¥ng:tri mun
DÃ nh cho da:dau
MÃ¹i hÆ°Æ¡ng:thom

Trai nhÃ  mÃ¬nh Ä‘ang tuá»•i dáº­y thÃ¬ nÃªn xÃ i dÃ²ng nÃ y trá»™m vÃ­a lÃ  á»•n. MÃ¬nh cÅ©ng xÃ i kem chá»‘ng náº¯ng loáº¡i nÃ y vÃ  ráº¥t ok"
dangthiloan63,5,"Cháº¥t liá»‡u:Geneva
MÃ u sáº¯c:Äen
ÄÃºng vá»›i mÃ´ táº£:ÄÃºng

Tá»‘t, nÃªn mua"
tuankunilp,5,"TÃ­nh nÄƒng ná»•i báº­t:Ä‘iá»‡n thoáº¡i thÃ´ng minh
Cháº¥t lÆ°á»£ng sáº£n pháº©m:tá»‘t
ÄÃºng vá»›i mÃ´ táº£:tá»‘t

QuÃ¡ tá»‘t, láº§n Ä‘áº§u mua Ä‘iá»‡n thoáº¡i online cÃ³ hÆ¡i sá»£ nhÆ°ng shop bÃ¡n hÃ ng chÃ­nh hÃ£ng giÃ¡ láº¡i ráº½ ná»¯a. Tuyá»‡t vá»i"
khanhphan010101,1,Äá»ƒ chÆ°Æ¡ng trÃ¬nh khuyáº¿n mÃ£i nhÆ°ng giao tá»›i kiá»ƒm tra khÃ´ng tháº¥y!
luongngocnhi8c,5,"MÃ u sáº¯c:ÄÃºng
Cháº¥t liá»‡u:bÃ²

quáº§n Ä‘áº¹p giao nhanh sÄƒn sale nÃªn dc giÃ¡ há»i mngg uii máº·c bÃ³ chÃ¢n nha mngg nÃªn mua áº¡(hanh chá»‰ láº¥y xu)"
tunhuyoyo,5,"MÃ u sáº¯c:dden
Cháº¥t liá»‡u:tot
ÄÃºng vá»›i mÃ´ táº£:dung

Äáº§m xinh xuáº¥t sáº¯c luÃ´n áº¡. Shop 10 Ä‘iá»ƒm Ä‘Ã³ng gÃ³i siÃªu Æ°ng cÃ²n Ä‘c táº·ng cÃ¡i cá»™t tÃ³c cuteee xÄ©u. á»¦ng há»™ shop áº¡"
1k88l99h8o,5,"DÃ nh cho da:dáº§u
MÃ¹i hÆ°Æ¡ng:thÆ¡m
CÃ´ng dá»¥ng:trá»‹ má»¥n

Giao hÃ ng nhanh quÃ¡ shop, mua Ä‘Æ°á»£c giÃ¡ ráº» láº¡i cÃ²n Ä‘Æ°á»£c táº·ng thÃªm nhiá»u quÃ . Cáº£m Æ¡n shop"
lieunguyen709,3,"Äá»™ tuá»•i sá»­ dá»¥ng:14 tuá»•i
Cháº¥t lÆ°á»£ng sáº£n pháº©m:á»•n
Bao bÃ¬/Máº«u mÃ£:Ä‘áº¹p tá»‘t

Shop gÃ³i hÃ ng cáº©u tháº£ lÃ m há»™p mÃ³p mÃ©o nhiá»u may lÃ  sáº£n pháº©m khÃ´ng hÆ°"
lethithutran_th,5,"CÃ´ng dá»¥ng:chá»‘ng náº¯ng face
MÃ¹i hÆ°Æ¡ng:chÆ°a biáº¿t
DÃ nh cho da:nháº¡y cáº£m

Sáº£n pháº©m chÃ­nh hÃ£ng. CÃ³ mÃ£ Ä‘á»ƒ check hÃ ng. Oke
Giao hÃ ng siÃªu nhanh
ChÆ°a sd nÃªn sáº½ Ä‘Ã¡nh giÃ¡ cháº¥t lÆ°á»£ng sau"
tung170986,5,HÃ ng Ä‘áº¹p Ä‘Ã³ng gÃ³i cáº©n thÃ¢bj cháº¯c cháº¯n se á»§ng há»™ shoo thÃªm ná»¯anok
6hyo7zszzr,5,"Cháº¥t lÆ°á»£ng sáº£n pháº©m:tá»‘t
ÄÃºng vá»›i mÃ´ táº£:Ä‘Ãºng  mÃ´ táº£

ÄÃ£ nháº­n hÃ ng Ä‘á»§   VÃ  ráº¥t hÃ i lÃ²ng láº§n sau sáº½ mua láº¡i âœŒï¸"
boilinhxinhdep,5,"Hiá»‡u á»©ng lÃ m Ä‘áº¹p:káº» máº¯t
Lá»£i Ã­ch:lÃ m Ä‘áº¹p
LÃ m Ä‘áº¹p:cho máº¯t

Sáº£n pháº©m ráº¥t tá»‘t Ä‘Ãºng vá»›i mÃ´ táº£, hÃ ng giÃ¡ ráº», giao hÃ ng cÅ©ng cá»‘ gáº¯ng nhanh vÃ¬ shop nÆ°á»›c ngoÃ i vÃ  tiá»‡n lá»£i, shop giáº£i Ä‘Ã¡p cÃ¡c tháº¯c máº¯c cho khÃ¡ch hÃ ng, nháº­n Ä‘Æ°á»£c hÃ ng nhanh chÃ³ng vÃ  Ä‘Ã³ng gÃ³i ká»¹ cÃ ng giao Ä‘áº¿n tay khÃ¡ch hÃ ng. Ráº¥t hÃ i lÃ²ng vá»›i sáº£n pháº©m cÅ©ng nhÆ° cÃ¡ch phá»¥c vá»¥ cá»§a shop"
mai_mun.04,5,"SÄƒn sale nÃªn giÃ¡ khÃ¡ há»i , Ä‘Ã³ng gÃ³i tá»‘t, cháº¥t lÆ°á»£ng tá»‘t , giao hÃ ng nhanh Ä‘á»“ quá»‘c táº¿ mÃ  máº¥t cÃ³ 7,8 ngsyf lÃ  vá» rá»“i"
baotrean_06,5,"Bao bÃ¬:Pinkflack, Ä‘áº¹p
Lá»£i Ã­ch:khÃ´ nhanh

hÃ ng nhÆ° hÃ¬nh, bÃºt káº» dá»… dÃ ng, láº¥y tay chÃ¹i mÃ  nÃ³ k lem ra tay luÃ´n, giÃ¡ ráº» mÃ  tháº¥y cÅ©ng xá»‹n nÃªn mua nha"
bnglangtim932,3,"Äá»‘i tÆ°á»£ng sá»­ dá»¥ng:mn
CÃ´ng dá»¥ng:Ä‘eo thá»‘ng bá»¥i

Sp bt khÃ´ng thÆ¡m shipper thÃ¢n thiá»‡n nhiá»‡t tÃ¬nh"
juryhana,5,"Sáº£n pháº©m Ä‘áº¹p phÃ¹ há»£p vá»›i giÃ¡ tiá»n , Ä‘Ã³ng gÃ³i cáº©n tháº­n, giao hÃ ng nhanh. Tuy nhiÃªn quÃ  táº·ng cá»§a shop bá»‹ rÃ¡ch nÃªn k sd Ä‘Æ°á»£c. Váº«n á»§ng há»™ shop 5sao"
hipngoc773,5,"MÃ u sáº¯c:há»“ng
Cháº¥t liá»‡u:nhá»±a

â˜â˜â˜  É§É‘Ì€É³É  É‹Ê‹áº£É³É  ÆˆÉ§É‘Ì‚Ê‹ â˜â˜â˜

â£â£ Ê‚Ê 80-120 . 8-22â±ªÉ  â¢â¢

__ á´†á´Ì‚Ì‰Éª á´›Ê€á´€Ì‰_Êœá´á´€Ì€É´ á´›Éªá´‡Ì‚Ì€É´_ É´á´‡Ì‚Ìá´œ á´‹Êœá´€Ìá´„ á´€Ì‰É´Êœ___ 

oÉ½É—_180â±ªâ±ªâ±ª

ğŸ“Œ ğ‡Ã ğ§ğ  ğğ‚ ğ¨ğ«ğ ğ“ğšğ¨ğ›ğšğ¨ ğŸ/ğŸ‘ ğ­ğ®áº§ğ§ğŸ“Œ 
ğŸ””ğŠğ ğ‚á»Œğ‚âœŒï¸ğŠğ ğ‡ğ”á»¶âœŒï¸ğŠğ ğ‡á»ğˆ ğŸ””"
vo_ngoc_bao_trinh,5,"Äá»™ tuá»•i sá»­ dá»¥ng:7 tuá»•i chá»Ÿ lÃªn
Bao bÃ¬/Máº«u mÃ£:Ä‘áº¹p
Cháº¥t lÆ°á»£ng sáº£n pháº©m:chuáº©n

Gáº¥u dá»… thÆ°Æ¡ng láº¯m nha táº¡i mua cho chÃ¡u nÃªn ko cÃ³ hÃ¬nh tÃ­nh cháº¥t nháº­n xu hoyy"
tuyet01012005,5,"DÃ nh cho da:má»¥n thÃ¢m
CÃ´ng dá»¥ng:trá»‹ thÃ¢m
MÃ¹i hÆ°Æ¡ng:thÆ¡m

bÃ¡c sÄ© tÆ° váº¥n nhiá»‡t tÃ¬nh luÃ´n
hÃ ng chuáº©n bá»‹ siÃªu nhanh
nÃªn giao cá»§ng nhanh 
mÃ¬nh dÃ¹ng táº­n 3 tuÃ½p nÃ y rá»“i trá»‹ thÃ¢m Ä‘Ä©nh vÃ£i nha
mÃ  shop bÃ¡n ráº» hÆ¡n chá»— khÃ¡c 30k láº­n. mÃ  cÃ´ng dá»¥ng nhÆ° nhauu"
phuongnam2306,5,"ÄÃ³ng gÃ³i tá»‘t, giao hÃ ng bt, sp má»›i date xa nhÃ¬n xá»‹n sÃ² láº¯m, Ä‘á»ƒ xÃ i thá»­ xem ntn, há»£p quay láº¡i á»§ng há»™ shop tÃ­p áº¡ ğŸ‘"
thanhgiang181,5,
m*****8,5,"MÃ¹i hÆ°Æ¡ng:dá»… chá»‹u
DÃ nh cho da:Dáº§u
CÃ´ng dá»¥ng:LÃ m sáº¡ch sÃ¢u

Ui Æ°ng cá»±c Ã½ mÃ¹i láº¡i dá»… chá»‹u, sáº¡ch sÃ¢u, cháº¯n cháº¯n sáº½ á»§ng há»™ shop tiáº¿p, cho shop 5 sao"
t*****7,5,"Giao Ä‘á»“ siÃªu tá»‘c, giÃ¡ ráº» mÃ  nhÃ¬n qua cháº¥t lÆ°á»£ng kk tá»›i ná»—i, okkkkkk"
comchannuocmam,5,Äáº¹p
nhan2809,2,"Sáº£n pháº©m nhÆ° áº£nh chá»¥p, tuy nhiÃªn Ä‘á»™ chÃ­nh xÃ¡c khÃ´ng Ä‘áº£m báº£o sai sá»‘ nhiá»u, cáº§n dc hÆ°á»›ng dáº«n Ä‘iá»u chá»‰nh"
sm8m229msx,2,"ÄÃºng vá»›i mÃ´ táº£:khÃ´ng cáº£m á»©ng Ä‘Æ°á»£c
MÃ u sáº¯c:Ä‘Ãºng
Cháº¥t liá»‡u:Ä‘c

KhÃ´ng cáº£m á»©ng dc thÃ´i"
5sn46rh6on,5,"ÄÃºng vá»›i mÃ´ táº£:ÄÃšNG
Cháº¥t lÆ°á»£ng sáº£n pháº©m:test thá»­ tháº¥y táº¡m á»•n

HÃ ng Ä‘áº¹p, cháº¡y Ãªm, giao hÃ ng nhanh."
lyhuongxinh,5,"Giao hÃ ng khÃ¡ nhanh, mua hÃ ng máº¥y láº§n shop r tá»‘t láº¯m, megaduo mÃ¹i thÆ¡m lÃ©m, cháº¥t gel bÃ´i mÃ¡t, tháº¥m nhanh, ko báº¿t dÃ­nhğŸ˜"
h*****4,5,"ÄÃºng vá»›i mÃ´ táº£:Ä‘Ãºng mÃ´ táº£
Cháº¥t liá»‡u:jean
MÃ u sáº¯c:xanh

Ä‘áº¹p quÃ¡ a hi hi vá»ng lÃ  sao a di Ä‘Ã  láº¡t lÃ  má»™t loÃ i thá»±c váº­t cÃ³ hoa trong há» mong muá»‘n Ä‘Æ°á»£c hong a di Ä‘Ã  láº¡t lÃ  má»™t loÃ i thá»±c váº­t cÃ³ ğŸ‘ cho anh ğŸ‡¬ğŸ‡§ cho em xin ğŸ™ anh ğŸ´ó §ó ¢ó ¥ó ®ó §ó ¿ Ä‘i Ä‘Ã¢u hong a a Æ¡i em mua cho con Ä‘i Äƒn ğŸ½ em hong biáº¿t lÃ m iiiiii gÃ¬ Ä‘Ã¢u mÃ  anh ğŸ´ó §ó ¢ó ¥ó ®ó §ó ¿ anh"
ngthao1,5,"ÄÃºng vá»›i mÃ´ táº£:Ä‘Ã¹ng
Cháº¥t lÆ°á»£ng sáº£n pháº©m:tá»‘t láº¯m sáº¡c pin nhanhh

mng nÃªn mua giÃ¡ ráº» sáº¡c nhanh kh mua hÆ¡i phÃ­ áº¡ ghn láº¯m nhaa"
h*****v,5,"Sáº£n pháº©m tá»‘t, cháº¥t lÆ°á»£ng, Ä‘Ã¡ng giÃ¡ tiá»n. Shop tÆ° váº¥n nhiá»‡t tÃ¬nh, giao hÃ ng nhanh, Ä‘Ã³ng gÃ³i cáº©n tháº­n. Mua trÃºng Ä‘á»£t sale nÃªn giÃ¡ ráº», há»£p lÃ½. Sáº½ quay láº¡i á»§ng há»™ thÃªm. ChÃºc shop buÃ´n may bÃ¡n Ä‘áº¯t"
quocthaile947,5,"Cháº¥t liá»‡u:nhá»±a
ÄÃºng vá»›i mÃ´ táº£:Ä‘Ãºng
MÃ u sáº¯c:Ä‘en

hÃ ng giao ráº¥t nhanh"
v*****2,5,"Shop giao hÃ ng nhanh, sp nhÆ° hÃ¬nh mÃ  date má»›i nha, chÆ°a sd nÃªn k biáº¿t tn , náº¿u tá»‘t sáº½ á»§ng há»™ cÃ¡c sp khÃ¡c cá»§a shop  dÃ i2 , mn nÃªn mua áº¡"
buithanhnam736,5,"Shop giao nhanh, Ä‘Ã³ng gÃ³i kÄ©, Ä‘á»§ hÃ ng. Sáº£n pháº©m Ä‘á»u ráº¥t tá»‘t nha"
dinhngocthuy03,1,"Cháº¥t liá»‡u:kÃ©m
MÃ u sáº¯c:xanh nhá»£t nháº¡t
ÄÃºng vá»›i mÃ´ táº£:khÃ´ng Ä‘Ãºng vá»›i áº£nh shop Ä‘Äƒng

Láº§n Ä‘áº§u mua gáº·p pháº£i trÆ°á»ng há»£p nÃ y tháº¥y máº¥y báº¡n khÃ¡c mua tháº¥y giá»‘ng áº£nh mÃ¬nh mua thÃ¬ khÃ´ng giá»‘ng nhÆ° áº£nh vá»›i cÃ¡c báº¡n tháº­t sá»± tháº¥t vá»ng"
n*****4,5,"MÃ¹i hÆ°Æ¡ng:khÃ´ng cÃ³
CÃ´ng dá»¥ng:giáº£m Ä‘au vai gÃ¡i chÃ¢n tay..

MÃ¡y massage máº¡nh láº¯m nha mÃ¡, sá»‘ 1 thÃ´i mÃ  Ä‘Ã£ dá»±t hÃº há»“n luÃ´n Ã¢, nÃ³ tÃª tÃª, dÃ¡n cho ba dá»±t mÃ  ba hoáº£ng loáº¡n, cÃ²n máº¹ mÃ¬nh thÃ¬ thÃ­ch láº¯m, máº¹ dÃ¡n á»Ÿ lÆ°ng massage 15p xong tháº¥y thoáº£i mÃ¡i láº¯m. Sáº£n pháº©m ok, mn nÃªn mua, áº£nh mang tÃ­nh minh há»a vÃ¬ Ä‘t mÃ¬nh háº¿t dung lÆ°á»£ng, mn thÃ´ng cáº£m"
duyenduyen097,5,Äáº¹p láº¯m nha shop váº£i sá» má»m má»‹n máº·c dÃ´ phom cÅ©ng Ä‘áº¹p. Shop giao hÃ ng nhanh giÃ¡ láº¡i ráº» ná»¯a má»i ngÆ°á»i nÃªn mua nha. Sáº½ á»§ng há»™ shop thÃªm cho shop 5 sao
quaanq,2,"MÃ u sáº¯c:oki
Cháº¥t liá»‡u:báº±ng dá»±a
ÄÃºng vá»›i mÃ´ táº£:ko

Äá»“ng há»“i dell j chá»‰nh ngÃ y ko Ä‘c.cÃ²n trÃªn shop ghi cáº£m á»©ng Ä‘c"
n*****0,5,"Sáº£n pháº©m Ä‘Æ°á»£c Ä‘Ã³ng gÃ³i nhanh chÃ³ng vÃ  ká»¹ cÃ ng, Ã¡o khÃ¡ xinh vÃ  .."
tuyenle021116,5,"MÃ u sáº¯c:mÃ  xanh
ÄÃºng vá»›i mÃ´ táº£:Ä‘Ãºng vá»›i mÃ´ táº£
Cháº¥t liá»‡u:cháº¥t liá»‡u kaki

Quáº§n xinh vá»«a in Æ°ng nháº¥t trong máº¥y cÃ¡i mÃ¬nh Ä‘áº·t"
h*****6,5,"ÄÃ³ng gÃ³i kÄ©, mua live Ä‘Æ°á»£c giÃ¡ ráº» hÆ¡n, thá»i gian giao hÃ ng nhanh. Mua máº¥y mÃ³n á»Ÿ Ä‘Ã¢y rá»“i cÃ¡i nÃ o cÅ©ng ok nha"
d*****1,3,"Káº¹p mi cháº¯c cháº¯c, nhÃ¬n sang xá»‹n má»‹n láº¯m. Mascara táº¡m á»•n. Tháº¥y trong mÃ´ táº£ cÃ³ kÃ¨m kem lÃ³t nhÆ°ng lÃºc nháº­n hÃ ng thÃ¬ ko tháº¥y"
wlg89e8cu4,1,Tháº¥t vá»ng. ÄÃ³ng gÃ³i sÆ¡ sÃ i. HÃ ng vá» mÃ³p mÃ©o háº¿t. GÃ£y cáº£ cÃ¡nh
xinmotlanmatnick,5,"MÃ u sáº¯c:ok
ÄÃºng vá»›i mÃ´ táº£:Ä‘Ãºng
Cháº¥t liá»‡u:tá»‘t

âŒEM Vá»€ THÃŠM ÄC OLAY Rá»’I NHA Cáº¢ NHÃ€ Æ IIII. 
#119k 1 chai ğŸ’°
Hqa e bÃ¡o ai háº¿t thÃ¬ lÃªn Ä‘Æ¡n láº¡i giÃºp e nha cÃ¡c chá»‹âŒ
Chiáº¿n tháº§n HÃ  Linh review sá»¯a táº¯m B3 OLAY RETINOL siÃªu tráº¯ng vÃ  m.ua khÃ³ hÆ¡n lÃªn giá»i ğŸ¥² 

Sá»¯a táº¯m B3 OLAY THÃI - nghe lÃ  biáº¿t tráº¯ng cá»¡ nÃ o rá»“i Ä‘áº¥y áº¡. 
C HÃ  Linh Ã­t khi khen mÃ  e nÃ y khen ná»©c ná»Ÿ lÃ  há»‰u rui nha ğŸ˜ 

âŒ HÃ€NG THÃI PICK TT Táº I STORE !! Äá»«ng so sÃ¡nh vá»›i hÃ ng tung cá»§a tá»™i em!!! Äáº³ng cáº¥p nÃ³ khÃ¡c háº³n nhau áº¡

ğŸ…°ï¸ Sá»®A Táº®M Káº¾T Há»¢P DÆ¯á» NG DA OLAY 
 âœ… DÆ°á»¡ng tráº¯ng vÃ  má»‹n mÃ ng mang lÃ n da
 âœ…500ml/chai vÃ²i siÃªuu to 

ğŸ…±ï¸ Sá»¯a táº¯m Olay báº£n cáº£i tiáº¿n má»›i nháº¥t
 1ï¸âƒ£ CHAI MÃ€U VÃ€NG :Olay B3 +VitC vá»›i tinh cháº¥t niacinamine hÆ°Æ¡ng chanh Ä‘Ã o giÃºp lÃ m sÃ¡ng da x24 láº§n siÃªu Ä‘á»‰nh.
 Olay B3 + Peptide phá»¥c há»“i da hÆ° tá»•n, má» sáº¹o vÃ  lÃ m Ä‘á»u mÃ u da body. HÆ°Æ¡ng hoa Ä‘Ã o dá»‹u dÃ ng thÆ°"
p*****1,5,"ÄÃºng vá»›i mÃ´ táº£:10/10
Cháº¥t liá»‡u:Ä‘áº¹p
MÃ u sáº¯c:siuu Ä‘áº¹p

Äá»“ng há»™ ráº¥t Ä‘áº¹p,há»£p vá»›i nhá»¯ng báº¡n cÃ³ cá»• tay nhá»,shop Ä‘Ã³ng gÃ³i cá»±c ká»³ cÃ³ tÃ¢m ğŸ‘ŒğŸ»,hÃ ng giao nhanh,rep tin nháº¯n xinh iuu,nchung lÃ  cho shop 5 sao áº¡! ğŸ‘ğŸ» ğŸ‘ğŸ» ğŸ‘ğŸ»"
flower12301,5,"CÃ´ng dá»¥ng:lam sach
Äá»™ bá»n mÃ u:khong

Giao hÃ ng nhanh chÃ³ng. ÄÃ³ng gÃ³i cáº©n tháº­n. CÃ³ bá»c chá»‘ng shock giáº¥y cáº¯t nhá» Ä‘á»ƒ giáº£m tÃ¬nh tráº¡ng qua Ä‘áº­p. Mua á»Ÿ Ä‘Ã¢y thÃ¬ quÃ¡ yÃªn tÃ¢m rá»“i. MÃ¬nh Ä‘Ã£ mua Ä‘áº¿n chai thá»© 10 máº¥y rá»“i cÅ©ng khÃ´ng nhá»›. GiÃ¡ thÃ nh quÃ¡ ráº» xá»©ng Ä‘Ã¡ng lÃ  nÆ°á»›c táº©y trang ngon bá»• ráº» phÃ¹ há»£p vá»›i vÃ­ tiá»n sinh viÃªn. Xanh sale nÃªn giÃ¡ cÅ©ng ráº»ï¿¼"
tomvajerry2014,5,
minhbchgia932,5,Äc táº·ng thÃªm 1 cá»¥c :)ğŸ‘ğŸ‘
anh05062001,5,"CÃ´ng dá»¥ng:tháº¥y review báº£o tá»‘t
MÃ¹i hÆ°Æ¡ng:thÆ¡m dá»‹u
PhÃ¹ há»£p vá»›i loáº¡i da:dáº§u

Sáº£n pháº©m giao hÃ ng ráº¥t nhanh chÃ³ng Tháº¥y mÃ¹i thÆ¡m nháº¹  tháº¥y má»i ngÆ°á»i  báº£o tá»‘t nÃªn mua"
huyen_anh140997,5,HÃ ng oke. NhÆ°ng tháº¥y cÃ³ tÃ¬nh tráº¡ng quai khá»ƒu trang bá»‹ Ä‘á»©t. M mua 35.500d 100c
oc2ytrvkhz,5,"Bao bÃ¬:ná»•i báº­t
Kinh nghiá»‡m sá»­ dá»¥ng:ngÃ y 2 láº§n sÃ¡ng, tá»‘i. bá»t vá»«a pháº£i, mÃ¹i thÆ¡m dá»‹u nháº¹
LÃ m Ä‘áº¹p:giÃºp sáº¡ch vÃ  sÃ¡ng da

MÃ¬nh ráº¥t thÃ­ch dÃ¹ng áº¡. MÃ¹i thÆ¡m dá»‹u nháº¹, sáº¡ch da."
phngsong532,5,"CÃ´ng dá»¥ng:massage
MÃ¹i hÆ°Æ¡ng:khÃ´ng

Mua láº§n thá»© 2 rÃ²i, mÃ¡y SÃ i ok nhe quÃ½ dá»‹. Hai láº§n giao lÃ  hai mÃ¡y khÃ¡c nhau, 1 cáº£m biáº¿n vÃ  1 nÃºt cÆ¡, shop cÃ³ báº£o hÃ nh vÃ  giÃ¡ ráº» hÆ¡n cÃ¡c shop cÃ²n láº¡i"
ngcanhnguyen538,1,Sp k tá»‘t k xÃ i dk
nguyenngocha1987,5,"Cháº¥t lÆ°á»£ng sáº£n pháº©m:ok
ÄÃºng vá»›i mÃ´ táº£:dunga mÃ´ táº£
TÃ­nh nÄƒng ná»•i báº­t:pin dÃ¹ng ráº¥t lÃ¢u háº¿t

MÃ¡y mÆ°a Ä‘c giÃ¡ ráº» hÆ¡n siÃªu thá»‹ nhieufl. DÃ¹ng Ä‘c hai hom tháº¥y ok"
halan99,5,"Nháº­n hÃ ng an toÃ n, kÃ­nh hok bá»‹ vá»¡. NhÆ°ng mÃ  cÃ³ 1cai há»™p bá»‹ lá»—i rÃ¡ch 1 xÃ­u. MÃ  thui k sao. Shop gÃ³i hÃ ng cáº©n tháº­n nÃªn bÃ¹ qa. Hehe"
_n.chzau04_2,5,"Äá»™ bá»n mÃ u:á»•n
CÃ´ng dá»¥ng:giá»¯ lá»›p make

HÃ ng giao nhanh, tia phun má»ng, xá»‹t lÃªn khÃ¡ mÃ¡t, giá»¯ lá»›p make Ä‘c táº§m 3-4tiáº¿ng j Ä‘áº¥y, hÃ ng tá»‘t sáº½ á»§ng há»™ tiáº¿p"
k*****2,5,"CÃ´ng dá»¥ng: chÆ°a thá»­
MÃ¹i hÆ°Æ¡ng: thÆ¡m , nháº¹ nhÃ ng
Káº¿t cáº¥u: 55ml
Shop Ä‘Ã³ng gÃ³i cháº¯c cháº¯n, anh shipper thÃ¢n thiá»‡n. HÃ ng giao nhanh"
erichduong,5,"CÃ´ng dá»¥ng:gel siÃªu trÆ¡n

ChÆ°a dÃ¹ng nÃªn sáº½ review sau. 
Vote 5* cho shop vÃ¬ cÃ¡i sá»± dá»… thÆ°Æ¡ng, tinh táº¿ & giao hÃ ng nhanh!"
hienleona,5,"Cháº¥t lÆ°á»£ng sáº£n pháº©m:tot
ÄÃºng vá»›i mÃ´ táº£:Ä‘Ãºng

á»p xinh, vá»«a in, cáº§m cháº¯c tay, shop giao hÃ ng nhanh cá»±c, chÆ°a Ä‘áº§y 1 ngÃ y Ä‘Ã£ nháº­n Ä‘c. GiÃ¡ ráº» nhÆ° cho áº¥y. 10k 2 cÃ¡i á»‘p. QuÃ¡ xá»‹n"
huongbui0904,5,"Cháº¥t lÆ°á»£ng sáº£n pháº©m:chat luong san pham tot
TÃ­nh nÄƒng ná»•i báº­t:dÃ¹ng Ä‘á»ƒ nghe cho Ã¢m thanh má»•i, há»™pÄ‘á»±ng an toÃ n.

Giao hÃ ng nhanh, gÃ³i hÃ ng cáº©n tháº­n. Dáº£n pháº©m cháº¥t lÆ°á»£ng tá»‘t."
t*****l,5,"Cháº¥t lÆ°á»£ng sáº£n pháº©m:ok
ÄÃºng vá»›i mÃ´ táº£:ok

Shop Ä‘Ã³ng gÃ³i ráº¥t cáº©n tháº­n. Bá»c chá»‘ng sá»‘c kÃ­n, giao hÃ ng trong 3 ngÃ y. Sá»­ dá»¥ng vÃ i hÃ´m tháº¥y khÃ¡ ok. Sáº½ cÃ¢n nháº¯c má»™t sá»‘ sp khÃ¡c cá»§a shop. VÃ  sáº½ pháº£n há»“i tiáº¿p sau 1 tgian sá»­ dá»¥ng dÃ i hÆ¡n."
cloudymeii,5,"Cháº¥t lÆ°á»£ng sáº£n pháº©m:Tá»‘t
Äá»™ tuá»•i sá»­ dá»¥ng:8-10

HÃ ng á»•n, ráº» ná»¯a ğŸ¥² shop lÃ m ráº¥t cÃ³ tÃ¢m, giÃ¡ thÃ¬ Ä‘á»§ mua cho cÃ¡c bÃ© nhá» chÆ¡i ğŸ‘ nÃ³i chung lÃ  ráº¥t oke â¤"
fz1lmqg_5x,5,Sáº£n pháº©m tá»‘t cháº¥t lÆ°á»£ng nha mÃ¡y tui chá»¥p má» chá»© kp sp bá»‹ bá»ƒ Ä‘Ã¢u
k*****2,5,"DÃ nh cho da:há»—n há»£p thiÃªn dáº§u
CÃ´ng dá»¥ng:dÆ°á»¡ng áº©m

vÃ¬ mk Ä‘ang dÃ¹ng treament nÃªn mua dÆ°á»¡ng áº©m nÃ y Ä‘á»ƒ dÃ¹ng kÃ¨m
tháº¥y dÃ¹ng sá»¯a rá»­a máº·t tháº¥y an toÃ n nÃªn cug dÃ¹ng thÃªm dÆ°á»¡ng áº©m"
nguyenhoaianh2013,3,"TÃ´i Ä‘Ã£ nháº­n Ä‘Æ°á»£c hÃ ng 
HÃ ng ship ráº¥t lÃ¢u   
Ko giá»‘ng trong áº£nh"
q*****.,5,"láº§n Ä‘áº§u mua Ä‘iá»‡n thoáº¡i trÃªn shopee, má»›i nháº­n Ä‘Æ°á»£c mÃ¡y vÃ  sá»­ dá»¥ng chÆ°a cÃ³ Ä‘g nhiá»u"
tranminhnhanten,5,"Äáº¥t sÃ©t mÃ u Ä‘áº¹p nha
KhÃ´ng quÃ¡ nhanh khÃ´ nhÆ°ng khi khÃ´ rá»“i nhÆ° má»™t cá»¥c xá»‘p vÃ  nÃ³ cá»©ng hÆ¡n cÃ¡c loáº¡i khÃ¡c
( HÃ¬nh áº£nh video mang tÃ­nh cháº¥t nháº­n xu )"
yentran9000,5,"ÄÃºng vá»›i mÃ´ táº£:Ä‘ung voi .miÃªu táº£
Cháº¥t lÆ°á»£ng sáº£n pháº©m:ok"
j*****1,5,"MÃ u sáº¯c:trang kem
ÄÃºng vá»›i mÃ´ táº£:Ä‘Ãºng

Trá»i Æ¡i vÃ¡y xinh xá»‰u Ä‘áº¹p xuáº¥t sáº¯c nÃªn chá»n Ä‘Ãºng size nhÃ©"
dkimtuyen1710,5,"Cháº¥t liá»‡u:da
MÃ u sáº¯c:Ä‘en
ÄÃºng vá»›i mÃ´ táº£:Ä‘Ãºng

Sáº£n pjaam Ä‘áº¹p nÃªn mua
ÄÃ¡nh giÃ¡ 5 sao 
Äeo thÃ­ch tay vÃ  Ä‘c táº·ng cáº£ há»™p kÃ¨m theo"
anhtrnh339,5,"Äá»™ bá»n mÃ u:ok
CÃ´ng dá»¥ng:káº» viá»ng mÃ´i

Sáº£n pháº©m káº» viá»ng ok lÃ m Ä‘áº¹p mÃ´i hÆ¡n, che viá»ng thÃ¢m cá»§a mÃ´i tá»‘t, nÃ³i chung lÃ  Ä‘Ã¡ng mua."
d*****e,5,"Äá»‘i tÆ°á»£ng sá»­ dá»¥ng:con ngá»«oi

Shop giao hÃ ng nhanh láº¯m luÃ´n áº¡!! ÄÃ³ng gÃ³i cháº¯c cháº¯n lun. Má»›i sá»­ dá»¥ng Ä‘Æ°á»£c 2 ngÃ y tháº¥y cÅ©m oke áº¡"
2hqsrryxww,1,Shop giao nháº§m quáº§n. Mong shop láº§n sau bÃ¡n hÃ ng check hÃ ng cáº©n tháº­n hÆ¡n. Quáº§n mÃ¬nh Ä‘ang cáº§n mÃ  shop giao quáº§n khÃ¡c tháº¿ nÃ y thÃ¬ khÃ´ng cÃ³ láº§n sau mua láº¡i
bachirahop,5,"ÄÃºng vá»›i mÃ´ táº£:Ä‘Ãºng
Cháº¥t lÆ°á»£ng sáº£n pháº©m:tá»‘t

Ráº¥t lÃ  má»m luÃ´n áº¡, mÃ¹i thÆ¡m nhÆ° bÃ¡nh áº¥y muá»‘n cáº¯n láº¯m luÃ´n hihi. ChÃºc shop buÃ´n may bÃ¡n Ä‘áº¯t nhaaaa"
_ryochan_,5,"giÃ¡ ráº», tgian cb hÃ ng cÅ©ng nhanh ná»¯a, chÆ°a dÃ¹ng thá»­ nÃªn k biáº¿t nhÆ° nÃ o nma shop cÅ©ng gÃ³i hÃ ng cháº¯c cháº¯n láº¯m, bá»c xá»‘p vÃ  Ä‘á»ƒ trong há»™p cartoon, cÃ³ cÆ¡ há»™i sáº½ á»§ng há»™ tiáº¿p"
y*****2,3,"Cháº¥t liá»‡u:tamj oonr
MÃ u sáº¯c:Ä‘en

Giao hÃ ng nhanh Ä‘Ã³ng gÃ³i chÆ°a Ä‘Æ°á»£c cháº¯c cháº¯n kxkd"
thien.0801,5,"ÄÃ¡ng tiá»n:ok nha
Phong cÃ¡ch:cute

Äá»“ng há»“ bÃ© ráº¥t thÃ­ch nha shop. Xá»‰nh xá»‰u. HÃ ng giao nhanh láº¯m ak"
anianie490,5,
sophieemiller,5,"MÃ u sáº¯c:xanh da trá»i

VÃ¡y Ä‘áº¹p, váº£i má»‹n, giao hÃ ng nhanh nÃ³i chung lÃ  ok mÃ  vÃ¡y Ä‘em Ä‘i giáº·t rá»“i chÆ°a ká»‹p up hÃ¬nh, áº£nh vs video chá»‰ mang tÃ­nh cháº¥t nháº­n xu thoai"
ha20614,5,"MÃ u sáº¯c:Ä‘Ãºng máº«u
Cháº¥t liá»‡u:tá»‘t
ÄÃºng vá»›i mÃ´ táº£:sp cháº¥t lÆ°á»£ng vá»›i giÃ¡ tiá»n"
kimthybith308,5,"Cháº¥t liá»‡u:tá»‘t
MÃ u sáº¯c:Ä‘en
ÄÃºng vá»›i mÃ´ táº£:Ä‘Ãºg vs mÃ´ táº£

HÃ ng cháº¥t lÆ°á»£ng"
huynnemm473,5,"Cháº¥t liá»‡u:sat
ÄÃºng vá»›i mÃ´ táº£:Ä‘Ãºng
MÃ u sáº¯c:tráº¯ng

10 Ä‘"
cherii24,3,"ÄÃºng vá»›i mÃ´ táº£:KhÃ´ng háº³n

MÃ u kem bá»‹ vÃ ng quÃ¡ vs cáº¡p chun hÆ¡i lonhr nm vÃ¡y phá»“ng , form xinh"
hoa368,5,Vá»›i táº§m giÃ¡ nÃ y thÃ¬ sp khÃ´ng chÃª vÃ o Ä‘Ã¢u Ä‘Æ°á»£c HÃ ng Ä‘áº¡t cháº¥t lÆ°á»£ng tá»‘t . Shop tÆ° váº¥n nhiá»‡t tÃ¬nh . Sáº£n pháº©m Ä‘Ãºng vá»›i mÃ´ táº£. Sac khong bi nong ma con nhanh ná»¯a Cho shop 5 sao luÃ´n
diunguynthhng750,5,"Cháº¥t lÆ°á»£ng sáº£n pháº©m:ok
ÄÃºng vá»›i mÃ´ táº£:ok
TÃ­nh nÄƒng ná»•i báº­t:ok

Shop Ä‘Ã³ng há»™p cáº©n tháº­n dá»­ dá»¥ng chÆ°a tháº¥y lá»—i láº§m gÃ¬, mua cho ngÆ°á»i khÃ¡c dÃ¹ng táº¡m"
ntnh979779,5,HÃ ng quá»‘c táº¿ nhÆ°ng shop chuáº©n bá»‹ nhanh . ÄÃ³ng gÃ³i cháº¯c cháº¯n . CÃ³ quáº¥n chá»‘ng sá»‘c . Mng nÃªn mua nha . GiÃ¡ láº¡i khÃ¡ há»£p lÃ½ . BÃ© nhÃ  mÃ¬nh ráº¥t thÃ­ch . Cho shop 5 sao vá» cháº¥t lÆ°á»£ng. CÃ³ nhiá»u máº«u Ä‘á»ƒ lá»±a chá»n
phuonglevvtt,5,"ÄÃºng vá»›i mÃ´ táº£:Ä‘Ã¹ng
MÃ u sáº¯c:Ä‘en
Cháº¥t liá»‡u:kp

Luu luong con lai cua Quy khach la:
1131 MB (ST15KDS) su dung den 00h00 ngay 16-03-2024
1536MB (SD90) truy cap Internet den 00h00 ngay 16-03-2024
FB30: 30.000d/30 ngay duoc truy cap khong gioi han luu luong ung dung Facebook va nhan tin qua Messenger den 00h00 ngay 06-04-2024
Xin Quy khach luu y: Ngat ket noi internet truoc khi thuc hien tra cuu. LH 198 (0d). Tran trong."
ylxrah7_p1,5,"Cháº¥t lÆ°á»£ng sáº£n pháº©m:toots
ÄÃºng vá»›i mÃ´ táº£:ok

sáº£n pháº©m tá»‘t giao nhanh ship nhiá»‡t tÃ¬nh shop uy tÃ­n .."
t*****8,5,"Baloxinh láº¯m há»£p cáº£ nam láº«n ná»¯
Shipper giao hÃ ng thÃ¢n thiá»‡n nhiá»‡t tÃ¬nh ,shop Ä‘Ã³ng gÃ³i cáº©n tháº­n kÄ© cÃ ng"
aa19zi3mu3,5,"Giao hÃ ng nhanh , sáº¡c nhanh , khÃ´ng biáº¿t cÃ³ bá»n khoong ná»¯a dÃ¹ng thá»­ náº¿u á»•n thÃ¬ sáº½ giá»›i thiá»‡u cho má»i ngÆ°á»i mua á»§ng há»™ shop"
phanngoc_21,5,HÃ ng tá»‘t sáº£n pháº©m Ä‘áº¹p nha má»i ngÆ°á»i shopp nhiá»‡t tÃ¬nh giao hÃ ng nhanh chÃ³ng ok láº¯m nha
b*****n,5,"Äá»™ bá»n mÃ u:táº¡m á»•n
CÃ´ng dá»¥ng:che viá»n mÃ´i

HÃ ng quá»‘c táº¿ nhÆ°ng giao khÃ¡ nhanh, táº§m 1 tuáº§n lÃ  cÃ³ hÃ ng rá»“i, cÃ³ cÃ¢y nÃ y rá»“i tÃ´ son Ä‘áº¹p háº³n"
kieuoanh1990,5,"MÃ¬nh Ä‘Ã£ nháº­n Ä‘c hÃ ng.cháº¥t lÆ°á»£ng tá»‘t,ráº¥t Ä‘Ã¡ng Ä‘á»“ng tiá»n,cáº§m cháº¯c tay,sh Ä‘Ã³ng gÃ³i cáº©n tháº­n.nÃªn mua"
m*****9,5,"HÃ ng Ä‘áº¹p so vá»›i giÃ¡ tiá»n. GiÃ¡ ráº» hÆ¡n ráº¥t nhiá»u so vá»›i ra cá»­a hÃ ng. DÃ¢y cháº¯c cháº¯n, cÃ²n má»›i nÃªn hÆ¡i cá»©ng."
ducthinhlc1987,5,"Cháº¥t lÆ°á»£ng sáº£n pháº©m:khÃ¡ á»•n,mÃ u sáº¯c báº¯t máº¯t
ÄÃºng vá»›i mÃ´ táº£:sp nhÆ° hÃ¬nh áº£nh

Sáº£n pháº©m trÃ´ng khÃ¡ Æ°ng Ã½,giao hÃ ng ráº¥t nhanh chÃ³ng"
nhuquynh_25122001,5,"Giao hÃ ng nhanh dÃ¹ Ä‘Æ¡n quá»‘c táº¿ cáº­n Táº¿t, bÃºt mÃ u Ä‘áº¹p, che khuyáº¿t Ä‘iá»ƒm mÃ´i vÃ  cÄƒn chá»‰nh mÃ´i ok, mÃ¹i thÆ¡m, shop Ä‘Ã³ng gÃ³i cháº¯c cháº¯n.â¤ï¸â¤ï¸"
trandien8470,5,"CÃ´ng dá»¥ng:Che khuyáº¿t Ä‘iá»ƒm
Äá»™ bá»n mÃ u:mÃ¬nh chÆ°a sá»­ dá»¥ng nÃªn chÆ°a Ä‘Ã¡nh giÃ¡ Ä‘Æ°á»£c mÃ  mn báº£o xÃ i ok láº¯m nÃªn mua nÃ¨

MÃ¹i thÆ¡m cá»±c mÃ  nhÃ¬n má»‹n láº¯m, mÃ u Ä‘áº¹p há»™p xinh ná»¯a"
minhduc_luxury,5,"CÃ´ng dá»¥ng:rá»­a máº·t
MÃ¹i hÆ°Æ¡ng:thÆ¡m
DÃ nh cho da:da dáº§u

Shop gá»­i hÃ ng sá»›m vs shipper giao hÃ ng nhanh quÃ¡. Chai cÃ³ mÃ¹i thÆ¡m dá»‹u. Thank kiu shop"
h*****7,5,"CÃ´ng dá»¥ng:okeela

1 ng dÃ¹ng 2 ng vui :) tÃ³m láº¡i lÃ  z, oke láº¯m nhÃ© mÃ  giÃ¡ cÅ©ng vá»«a"
d*****n,5,"Ä‘á»“ng há»“ Ä‘áº¹p nhÆ° hÃ¬nh dÃ¢y Ä‘eo cao su má»ng 
hÃ¬nh áº£nh mang tÃ­nh cháº¥t nháº­n xu
Cháº¡m vÃ  giá»¯ má»™t Ä‘oáº¡n Ä‘á»ƒ ghim Ä‘oáº¡n Ä‘Ã³. CÃ¡c Ä‘oáº¡n Ä‘Ã£ bá» ghim sáº½ bá»‹ xÃ³a sau 1 giá»."
tramtran220294,5,"QuÃ  táº·ng khi mua sáº£n pháº©m bÃªn shop 
CÃ¡m Æ¡n shop áº¡"
ongvangnhi,5,"Cháº¥t liá»‡u:kaki
MÃ u sáº¯c:Ä‘en
ÄÃºng vá»›i mÃ´ táº£:Ä‘Ãºng

Quáº§n cháº¥y váº£i khÃ¡ má»m máº¡i, mua cáº£m giÃ¡c mua Ä‘c Ä‘á»“ Æ°ng Ã½. Cáº£m Æ¡n shop. HÃ¬nh mang tÃ­nh cháº¥t minh há»a"
trangphan412,2,"Äá»‘i tÆ°á»£ng sá»­ dá»¥ng:khau trang
CÃ´ng dá»¥ng:khau trang

QuÃ¡ má»ng giao k Ä‘Ãºng hÃ ng nhÆ° hÃ¬nh quÃ¡ tháº¥t vá»ng .má»i ng cÃ¢n nháº¯c trÆ°á»›c khi mua"
v43957j9aj,1,ÄÃºng vá»›i mÃ´ táº£:Ä‘Ãºng lÃ  Ä‘á»“ trung quá»‘c dá»Ÿ chÃª
vukhanhduy1988,1,"MÃ u sáº¯c:mÃ u Ä‘en
Cháº¥t liá»‡u:báº±ng nhá»±a
ÄÃºng vá»›i mÃ´ táº£:giá»‘ng vá»›i Ä‘á»“ chÆ¡i con nÃ­t vá» bÃ³ng cÃ¡c ná»‘t cÅ©ng khÃ´ng Ä‘Æ°á»£c khÃ´ng tÃ¬m tháº¥y Ä‘áº§u vÃ´ Ä‘á»ƒ sáº¡c chÃ¡n cÃ³ thá»ƒ ráº±ng mua Ä‘á»ƒ tráº£i nghiá»‡m nhÆ°ng khÃ´ng Ä‘Ã¡ng

NÃ³i chung tá»‡"
fwknxmrhk1,5,"Äá»™ tuá»•i sá»­ dá»¥ng:5 tuá»•i trá»Ÿ lÃªn
Cháº¥t lÆ°á»£ng sáº£n pháº©m:tá»‘t

ÄÃ¡ng mua nha giÃ¡ z lÃ  quÃ¡ há»i hihiâœ¨âœ¨ğŸŒ·ğŸŒ·â˜ï¸"
k*****4,5,"DÃ¹ng má»™t thá»i gian má»›i Ä‘Ã¡nh giÃ¡, tháº¥y Ä‘áº¹p, giÃ¡ ráº» mÃ  hÃ ng cháº¥t lÆ°á»£ng"
lequyen37,1,"k giá»‘ng tÃ­ nÃ o cháº¥t xáº¥u tá»‡ háº¡i mng nÃ© nÃ© ra áº¡ :)) Máº¥t tgian
- Cháº¥t bÃªn trong kiá»ƒu hÆ¡ lá»­a chá»‰ thá»«a Ã½ rÃ¡p cá»©ng k chá»‹u Ä‘c"
dulcie_store0690,5,"Cháº¥t lÆ°á»£ng sáº£n pháº©m:ok
Bao bÃ¬/Máº«u mÃ£:ok
Äá»™ tuá»•i sá»­ dá»¥ng:ok

[HCM] Gáº®P DEAL TRá»ŒN GÃ“I 279K/NGÆ¯á»œI - IF YOU CAN
ğŸ‘‰Gáº¯p Æ°u Ä‘Ã£i táº¡i Ä‘Ã¢y: https://bit.ly/KK_GDHCM

Kichi-Kichi Ä‘Ã£ náº¥u láº©u, cÅ©ng Ä‘Ã£ lÃªn chuyá»n vÃ  tung sáºµn deal trá»n gÃ³i 279K/NgÆ°á»i, chá»‰ Ä‘á»£i báº¡n qua vÃ  gáº¯pppp chiáº¿n láº©u khÃ´ng giá»›i háº¡n thÃ´i, máº¡i dzÃ´ ğŸ˜

ğŸ’¥ Giáº£i mÃ£ rá»‘p ráº»ng vá»›i má»i ngÆ°á»i vÃ¬ sao pháº£i gáº¯p nhanh gáº¯p vá»™i chiáº¿c deal há»i nÃ y lÃ  vÃ¬ khi gáº¯p deal láº¥y mÃ£ code online trÆ°á»›c 3 tiáº¿ng, ai cÅ©ng sáº½ Ä‘Æ°á»£c giáº£m 20K/ngÆ°á»i trÃªn 1 suáº¥t Buffet TiÃªu Chuáº©n vÃ  miá»…n phÃ­ 1 ly nÆ°á»›c ngá»t tÆ°Æ¡i Coca/Sprite. 

ğŸ’¥ Cháº§n chá» gÃ¬ ná»¯a báº¡n Æ¡i, nhanh tay gáº¯p deal trá»n gÃ³i vÃ  gÃ©c gÃ´ Kichi-Kichi nÃ o.
------------------------
LÆ°u Ã½: *Danh sÃ¡ch nhÃ  hÃ ng Ã¡p dá»¥ng Ä‘á»ƒ á»Ÿ pháº§n bÃ¬nh luáº­n.
GiÃ¡ vÃ© gáº¯p deal trá»n gÃ³i buá»•i sÃ¡ng: 279K/NgÆ°á»i
GiÃ¡ vÃ© gáº¯p deal trá»n gÃ³i buá»•i tá»‘i: 299K/NgÆ°á»i
------------------------
Kichi-Kichi Láº©u bÄƒng chuyá»n - Non-Stop Moving ğŸ²
ğŸ“ Hotline: 19006622 
ğŸ“ Website: https://kichi.com.vn/
ğŸ“ Instagram: https://instagram.com/kichikichi.official
ğŸ“ Äáº·t giao mÃ³n vá» nhÃ : https://gdeli.vn/

#kichikichi #hotpotbar #laubangchuyen #hon70monnhung #bomythoathich #gdeli"
kimvietbach_6681,3,"NgÆ°á»i mÃ¬nh cao m63, náº·ng 49kg, khÃ´ng há» big size nhÆ°ng ráº¥t cháº­t nhÃ©, kiá»ƒu máº·c vÃ o Ã¡o quÃ¡ nhá» lÃ  trÃ´ng bá»‹ bÃ©o áº¥y. NÃ³i chung lÃ  báº¡n nÃ o cao trÃªn m6 cÃ¢n nháº¯c trÆ°á»›c khi mua."
tep_pi,5,"Dá»‹p phÃ¹ há»£p:hang ngay
ÄÃ¡ng tiá»n:rat dang tien
Äá» xuáº¥t:phu hop

BÃ© nhÃ  mÃ¬nh ráº¥t thÃ­ch mÃ  giÃ¡ thÃ¬ siÃªu hang dáº»,hÃ ng quá»‘c táº¿ nÃªn chá» hÆ¡i lÃ¢u nhÆ°ng ráº¥t Æ°ng Ã½"
d*****0,5,"Äá»™ bá»n mÃ u:tamj
CÃ´ng dá»¥ng:to vien

hoáº·c má»™t ná»n táº£ng trá»±c tuyáº¿n vá»›i cÃ¡c hÃ¬nh thá»©c, tÃ­nh nÄƒng, giao diá»‡n khÃ¡c nhau nhÆ°ng Ä‘Æ°á»£c sinh ra vá»›i má»¥c Ä‘Ã­ch chung lÃ  giÃºp má»i ngÆ°á»i á»Ÿ báº¥t ká»³ nÆ¡i nÃ o cÅ©ng cÃ³ thá»ƒ dá»… dÃ ng káº¿t ná»‘i vá»›i nhau."
mitrng384,5,"HÆ°Æ¡ng thÆ¡m:thÆ¡m dá»‹u khÃ´ng gáº¯t
Bao bÃ¬:bao bÃ¬ Ä‘áº¹p á»•n Ã¡p
Lá»£i Ã­ch:dÆ°á»¡ng áº©m sáº¡ch sÃ¢u

NhÃ¬n vÃ i tháº¥y ráº¥t tá»‘t ráº¥t Ä‘Ã¡ng Ä‘á»ƒ Ä‘á»«ng nhÆ°ng Ä‘á»«ng vÃ i láº§n mÆ¡id biáº¿t tá»‘t khÃ´ng dÃ¹ váº­y má»i ngÆ°á»i cÅ©bg nÃªn thá»­"
hoanglongtruong03aaa,5,Thong bao: Viettel tang Ban 10 phut goi noi mang mien phi. Moi Ban cai/truy cap Mocha de thuc hien goi Call out mien phi tai http://mocha.com.vn/call
8grpvwxicg,1,NÃ³i thiet lÃ  quáº§n nhÃ¬n nÃ³ ráº¥t cÅ© luÃ´n Ã¡ mn :( mÃ u nÃ³ cá»© bá»‹ sáº¿n Ã­ khÃ´ng sÃ¡ng nhÆ° trÃªn áº£nh  .váº£i má»ng má»m
v*****r,5,"CÃ´ng dá»¥ng:ok
Äá»‘i tÆ°á»£ng sá»­ dá»¥ng:ok

an toÃ n, Ä‘Ã£ mua nhiá»u láº§n, giao hÃ ng nhanh, Ä‘Ã³ng gÃ³i ráº¥t ká»¹, chá»‘ng sá»‘c tá»‘t, dá»‹ch vá»¥ tá»‘t nhÃ©, Ä‘Ã¡ng mua nhÃ© má»i ngÆ°á»i"
jerrydau,5,"Tuyá»‡t vá»i nhÃ©, khÃ´ng cÃ³ tÃ­ mÃ¹i cao su nÃ o luÃ´n, cáº§m cháº¯c cháº¯n tráº» nhÃ  mÃ¬nh ráº¥t thÃ­ch nhÃ©, bÃ³p lá»“i máº¯t ra"
tuvi310,5,"LÃ m Ä‘áº¹p:má»i loáº¡i da
Lá»£i Ã­ch:lam sáº¡ch da

Sáº£n pháº©m tá»‘t 
Mua láº§n 2 á»Ÿ Ä‘Ã¢y rá»“i 
Sáº½ á»§ng há»™ nhiá»u láº§n ná»¯a"
k3ehcehamc,4,Giao hÃ ng nhanh .nhá» gá»n Ä‘áº¹p .chÆ°a tets thá»­ nÃªn k bÃ­t cÃ³ dc nhÆ° mong Ä‘á»£i k
khandt,1,"khÃ´ng Ä‘iá»u khiá»ƒn Ä‘Æ°á»£c mÃ¡y chá»‰ bay lÃªn bay xuá»‘ng, tay cáº§m vÃ´ dá»¥ng"
0xw3jblhbm,1,Äáº·t cÃ³ Ä‘iá»u khiá»ƒn mÃ  giao cÃ³ cÃ¡i mÃ¡y bay ko Ã  r Ä‘iá»u khiá»ƒn Ä‘Ã¢u
namphm711,1,"Cháº¥t lÆ°á»£ng khÃ´ng tá»± bay lÃªn Ä‘Æ°á»£c Ä‘á»ƒ Ä‘iá»u khien bay trÃ¡i pháº£i, Ä‘á»ƒ dÆ°á»›i Ä‘áº¥t quay vÃ²ng vÃ²ng Ä‘Ã¢m bÃªn nÃ y tá»›i bÃªn rá»“i táº¯t, con chÆ¡i chÆ°a tá»›i ná»­a giá» Ä‘Ã£ vá»©t gÃ³c khÃ´ng thÃ¨m nhÃ¬n. NÃ£n"
xk6_oufs04,3,"ÄÃºng vá»›i mÃ´ táº£:dung
Cháº¥t lÆ°á»£ng sáº£n pháº©m:cháº¯c cháº¯n

Ä‘áº¹p"
t*****9,3,"ÄÃºng vá»›i mÃ´ táº£:y hÃ¬nh
Cháº¥t lÆ°á»£ng sáº£n pháº©m:Má»ng nháº¹

DÃ¢y má»ng nháº¹ thÃ­ch há»£p dÃ¹ng cho mÃ¨o hÆ¡n nhÃ©, nÃ y mÃ  xÃ­ch chÃ³ lÃ  máº¥t cá»ng dÃ¢y lun ak"
tthuy889,5,"Äá»‘i tÆ°á»£ng sá»­ dá»¥ng:adult
CÃ´ng dá»¥ng:tri má»¥n

ViÃªn uá»‘ng bá»• sung káº½m DHC 60 viÃªn Ä‘Æ°á»£c Ä‘iá»u cháº¿ vá»›i hÃ m lÆ°á»£ng phÃ¹ há»£p nháº¥t má»—i ngÃ y giÃºp cá»§ng cá»‘ há»‡ miá»…n dá»‹ch, ngá»«a bá»‡nh cáº£m cÃºm, há»— trá»£ sá»©c khá»e cá»§a xÆ°Æ¡ng khá»›p, cÆ¡ báº¯p, bá»• máº¯t, Ä‘áº¹p da, cÃ¢n báº±ng ná»™i tiáº¿t,... Bá»• sung káº½m Ä‘áº§y Ä‘á»§ lÃ  phÆ°Æ¡ng phÃ¡p Ä‘á»ƒ giá»¯ Ä‘Æ°á»£c cÆ¡ thá»ƒ khá»e máº¡nh vÃ  giáº£m thiá»ƒu bá»‡nh táº­t."
hatuyet1982,5,
h*****2,5,"Cháº¥t liá»‡u:ráº¥t oke nhaaa
MÃ u sáº¯c:ddpj lames
ÄÃºng vá»›i mÃ´ táº£:ráº¥tÄ‘ngs veioo ta  m

Mn nÃªn mua giao nhanh mÃ  cháº¥t lÆ°á»£ng vÃ¬ Ã¡o táº·ng nÃªn k cÃ³ áº£nh chá»¥p anhs giÃ¡"
p*****8,5,"Cháº¥t liá»‡u:jean
ÄÃºng vá»›i mÃ´ táº£:cÃ³
MÃ u sáº¯c:Ä‘en

VÃ¡y Ä‘áº¹p láº¯m nha má»i ngÆ°á»i Æ¡iii, máº·c lÃªn hack dÃ¡ng xá»‰u, hÃ ng y hÃ¬nh, ai chÃ¢n nhá» máº·c siÃªu xinh ná»¯aa"
tamthu3763,5,"Giao hÃ ng max nhanh luÃ´n, Ä‘áº·t tá»‘i hÃ´m trÆ°á»›c chiá»u hÃ´m sau nháº­n Ä‘Æ°á»£c hÃ ng. Cháº¥t lÆ°á»£ng dÃ¹ng okee"
t*****6,5,"ÄÃºng vá»›i mÃ´ táº£:Ä‘Ãºng vá»›i mÃ´ táº£
Cháº¥t lÆ°á»£ng sáº£n pháº©m:tá»‘t

MÃ¬nh khÃ´ng nghÄ© vá»›i giÃ¡ nhÆ° váº­y láº¡i Ä‘Æ°á»£c sáº£n pháº©m tá»‘t nhÆ° tháº¿ nÃªn á»§ng há»™ shop nha má»i ngÆ°á»i"
l*****4,5,MÃ¬nh cao m59 náº·ng 40kg máº·c size eo rá»™ng chiá»u dÃ i quáº§n qua máº¯t cÃ¡ chÃ¢n báº¡n nÃ o ko thÃ­ch chÃ¹m chÃ¢n nÃªn láº¥y S
nguynthlinh794,5,"ÄÃºng vá»›i mÃ´ táº£:Ä‘Ã¡ng yÃªu, gá»n gÃ ng, nhá» nháº¯n.
MÃ u sáº¯c:mÃ u há»“ng nháº¡t
Cháº¥t liá»‡u:dáº»o dai, Ä‘eo ráº¥t Ä‘áº¹p"
0y7pjmhcy_,3,"CÃ´ng dá»¥ng:á»•n
Äá»‘i tÆ°á»£ng sá»­ dá»¥ng:ng lá»›n

HÃ ng nhÃ¬n á»•n tuy chÆ°a test pháº£i test má»›i biáº¿t dc"
le_thao_vi_3012,4,"MÃ u sáº¯c:nau
Cháº¥t liá»‡u:gá»—
ÄÃºng vá»›i mÃ´ táº£:gá»— nÃ¢u w148 fg

KhÃ¡ lÃ  Æ°ng Ã½, mÃ u sang, tÆ°á»Ÿng lÃ  máº·t mika nhÆ°ng lÃ  máº·t kÃ­nh. Sáº£n pháº©m nhÆ° hÃ¬nh, tuy nhiÃªn kÃ­nh hÆ¡i tráº§y"
thuhakiet,3,"Há»™p bá»‹ mÃ³p mÃ©o hÃ ng thÃ¬ cong vÃªnh tá»‡
KhÃ´ng cÃ³ sao Ä‘á»ƒ Ä‘Ã¡nh giÃ¡ nhÃ¢n viÃªn giao hÃ ng"
simplevi123,5,"Cháº¥t liá»‡u:váº£i má»m
MÃ u sáº¯c:tráº¯ng be
ÄÃºng vá»›i mÃ´ táº£:Ä‘Ãºng

giao khÃ¡ nhanh nha,mÃ¬nh máº·c vá»«a y luÃ´n Ã¡,rcm nha.Do mÃ¬nh ko bt rÃµ size mÃ¬nh nÃªn mÃ¬nh Ä‘iá»n bá»«a Ä‘á»ƒ nháº­n xu thuii"
nwd21a5esx,5,"Cháº¥t liá»‡u:thun vs sÆ¡ mi
MÃ u sáº¯c:Ä‘en
ÄÃºng vá»›i mÃ´ táº£:Ä‘Ãºng

thun Ã¡o k quÃ¡ má»ng cx k quÃ¡ dÃ y máº·c thoáº£i mÃ¡i mÃ¡t máº» mh 60kg báº¯p tay to máº·c size vá»«a áº¡ máº·c tÃ´n eo vs V1 láº¯m giÃ¡ cx ráº» so vs cháº¥t lÆ°á»£g nx nÃªn mua nha. Ã¡o mÃ¬nh máº·c tháº¥y bá»‹ tÆ°a vs bug chá»‰ á»Ÿ cá»• Ã¡o áº¡."
hm2662006,5,"CÃ´ng dá»¥ng:Ä‘áº¹p
MÃ¹i hÆ°Æ¡ng:ko cÃ³

GiÃ¡ ráº» mÃ  Ä‘áº¹p  lá» thá»§y tinh Ä‘Ã³ng cháº¯c cháº¯n  náº¯p nhá»±a cÃ³ lá»›p báº¡c vÃ  cao su bÃªn trong  mÃ u Ä‘áº¹p láº¯m luÃ´n ko cÃ³ gÃ¬ Ä‘á»ƒ chÃª"
193nkocb5k,1,KÃ©m cháº¥t lÆ°á»£ng sem nÃ³a cáº£ máº¯t khÃ´ng nhÆ° mÃ´ táº£
nguyenleanhkhoa1301,5,"ÄÃ³ng gÃ³i 10â‚«, che tÃªn cá»±c kÃ¬ chuyÃªn nghiá»‡p
Sp oki Ä‘Ã£ mua láº§n 2, má»™t FA lÃ m báº¡n dá»© gá»‘i Ã´m chia sáº» :)))"
tctqfpnal1,5,Ráº¥t Ä‘áº¹p cháº¥t lÆ°á»£ng
kimtuyen250898,5,
skwq5g_pid,5,"Äá»‘i tÆ°á»£ng sá»­ dá»¥ng:má»i ngÆ°á»i
CÃ´ng dá»¥ng:cÃ¢n

Giao hÃ ng nhanh Ä‘Ã³ng gÃ³i cáº©n tháº­n, cÃ¢n thÃ¬ á»•n, nÃ³i chung lÃ  Ä‘Æ°á»£c."
menpy_90,4,Giao hÃ ng nhanh! DÃ¢y má»m nhÆ°ng Ä‘iá»u chá»‰nh láº¡i thá»i gian hÆ¡i máº¥t cÃ´ng! NhÃ¢n viÃªn vui váº» nhiá»‡t tÃ¬nh
hngtm872,5,
dangmyduyen_2002.,5,"MÃ u sáº¯c:dden
Cháº¥t liá»‡u:kaki
ÄÃºng vá»›i mÃ´ táº£:ddung

VÃ¡y xinh ship nhanh nha má»—i tá»™i cÃ¡i Ä‘uÃ½t tui nÃ³ pá»± nÃªn máº·c trÃ´ng nhÆ° Ä‘á»t chuá»‘i z Ã¡"
t*****0,5,"CÃ´ng dá»¥ng:tot
MÃ¹i hÆ°Æ¡ng:tá»‘t

ChÆ°a biáº¿t cháº¥t lÆ°á»£ng sp nhÆ° tháº¿ nÃ o nhÆ°ng váº«n cho shop 5 sao vÃ¬ sá»± uy tÃ­n"
n*****h,5,"Giao hÃ ng nhanh, Ä‘Ãºng, Ä‘á»§ sá»‘ lÆ°á»£ng. ÄÃ³ng gÃ³i cháº¯c cháº¯n, Ä‘áº¹p. CÃ³ che tÃªn khi giao. Sp dÃ¹ng ráº¥t tá»‘t, Ä‘Ã£ mua 2 láº§nâ€¦."
meooongo,5,"Äáº§m xinh lÃ©m , mÃ  quÃªn chá»¥p hihi. Giao hÃ ng nhanh . HÃ¬nh áº£nh vÃ  video klq chá»§ yáº¿u nháº­n xu áº¡"
l*****3,5,"Cháº¥t lÆ°á»£ng sáº£n pháº©m:Ä‘áº¹p, chuáº©n
ÄÃºng vá»›i mÃ´ táº£:Ä‘Ãºng

ÄÃ³ng gÃ³i cáº©n tháº­n sáº½ á»§ng há»™ shop láº§n tá»›i ná»¯a nÃ¨ giao hÃ ng nhanh ná»¯a"
,5,"Giao hÃ ng nhanh , shipper vui tÃ­nh.shop giao Ä‘Ãºng sáº£n pháº©m, mÃ¹i thÆ¡m nháº¹ chÆ°a dÃ¹ng nÃªn chÆ°a bt hiá»‡u quáº£ mong lÃ  cÃ³ cÃ´ng dá»¥ng tá»‘tâ¤"
nguyenthuyyy1104,5,"MÃ u sáº¯c:tráº¯ng
ÄÃºng vá»›i mÃ´ táº£:Ä‘Ãºng
Cháº¥t liá»‡u:.........

Ão xinh láº¯m nha, shop Ä‘Ã³ng gÃ³i cáº©n tháº­n, giao hÃ ng nhanh, nÃªn mua nha má»i ngÆ°á»i, tuá»µt zá»i luÃ´ngggggggg!
HÃ¬nh áº£nh vÃ  video chá»‰ mang tÃ­nh cháº¥t nháº­n xu áº¡."
nguyenthaoanh090890,5,"Shop giao hÃ ng nhanh, Ä‘Ã³ng gÃ³i ráº¥t cáº©n tháº­n. Mua hÃ ng cÃ³ mgg giáº£m giÃ¡ nÃªn ráº¥t vui, láº§n sau sáº½ quay láº¡i á»§ng há»™ shop tiáº¿p. Love shopee"
lediemxiami,5,"ğŸ’QUÃ Æ¯ LÃ€ XINHH LUNN ! CÆ°á»¡ng láº¡i lÃ m sao Ä‘Æ°á»£c Ä‘Ã¢y nÃ ng Æ¡iiiiiğŸ’

Set tÆ¡ trá»… vai kÃ¨m cv phá»‘i ren cá»±c xinh, cá»±c Ä‘iá»‡u ğŸ€ Ce diá»‡n du xuÃ¢n Ä‘áº§u nÄƒm xinh ngáº¥t lunnn

2 mÃ u kem, Ä‘en
 SM"
cucvsle,1,"Cháº¥t liá»‡u:Ä‘Æ¡n hÃ ng kÃ©m cháº¥t lÆ°á»£ng
MÃ u sáº¯c:chÃ¡n
ÄÃºng vá»›i mÃ´ táº£:giá»›i thiá»‡u thÃ¬ 2 lá»›p mua vá» thÃ¬ Ä‘c 1 lá»›p"
vnanhphm106,5,"hÃ¬nh áº£nh vÃ  video chá»‰ mang tÃ­nh cháº¥t nháº­n xu, giao hÃ ng nhanh, sáº£n pháº©m ok, nÃªn mua, Ä‘Ã³ng gÃ³i cáº©n tháº­n, giÃ¡ cáº£ há»£p"
b*****1,5,"[TB] Táº¶NG 50% GIÃ TRá»Š CHO Láº¦N Náº P TIá»€N Äáº¦U TIÃŠN VÃ€O CHá»¦ NHáº¬T hÃ ng tuáº§n. CT Ã¡p dá»¥ng vá»›i thuÃª bao náº¡p tiá»n vÃ o tÃ i khoáº£n viá»…n thÃ´ng qua tÃ i khoáº£n Viettel Pay liÃªn káº¿t trÃªn á»©ng dá»¥ng MY VIETTEL. Tiá»n khuyáº¿n máº¡i sá»­ dá»¥ng ná»™i máº¡ng trong 15 ngÃ y. Giáº£m giÃ¡ thÃªm 2,5% khi náº¡p tiá»n táº¡i https://myvt.page.link/naptiencn. LH 198 (0Ä‘). TrÃ¢n trá»ng."
trinhmailan2211,5,"Cháº¥t lÆ°á»£ng sáº£n pháº©m:ok
Äá»™ tuá»•i sá»­ dá»¥ng:má»i ngÆ°á»i
Bao bÃ¬/Máº«u mÃ£:Ä‘áº¹p

TrÃ² giáº£i trÃ­ hay. Máº«u mÃ£ Ä‘áº¹p. SÄƒn Ä‘c live nÃªn giÃ¡ ráº» hÆ¡n bÃªn ngoÃ i thá»‹ trÆ°á»ng bÃ¡n nhiá»u"
nguyenhoangthienbang1997,5,"CÃ´ng dá»¥ng:cÃ¢n náº·ng
Äá»‘i tÆ°á»£ng sá»­ dá»¥ng:má»i ngÆ°á»i

Giao hÃ ng nhanh chÃ³ng 
CÃ¢n náº·ng káº¿t ná»‘i vá»›i Ä‘iá»‡n thoáº¡i Ä‘o chá»‰ sá»‘ cÆ¡ thá»ƒ ok"
chaudoan178,5,"vÃ¡y Ä‘áº¹p nha, nma máº·c vÃ´ nhÃ¬n tui máº­p thÃªm máº¥y kg Ã¡ máº¥y tinhd yÃªu, táº¡i do ngÆ°á»i tui chá»© vÃ¡y váº«n xinhhh nho, máº¥y tÃ¬nh yÃªu mua thá»­ Ä‘i"
gq54apyz9e,3,"MÃ u sáº¯c:mau xanh nhat
ÄÃºng vá»›i mÃ´ táº£:Ä‘Ãºng vá»›i mÃ´ táº£
Cháº¥t liá»‡u:cháº¥t liá»‡u bÃ²

Sáº£n pháº©m ok khÃ´ng chÃª Ä‘Ãºng vá»›i giÃ¡ tiá»n giao hÃ ng nhanh thÃ¢n thiá»‡n"
bichty28,3,Cháº¥t lÆ°á»£ng sáº£n pháº©m:hÃ¡t ko hay nhÆ° qc
ledieuhuongg,2,"ÄÃºng vá»›i mÃ´ táº£:å¯¹
MÃ u sáº¯c:å¯¹
Cháº¥t liá»‡u:pu

Sáº£n pháº©m dÃ nh cho cÃ¡c chÃ¡u dÆ°á»›i 7t :))) nhÃ¬n dá»Ÿm láº¯m áº¡ 
NÃºt Ä‘iá»u chá»‰nh khÃ³ sá»­ dá»¥ng"
n*****0,5,"MÃ¹i hÆ°Æ¡ng:ok
CÃ´ng dá»¥ng:ok

ÄÃ£ nháº­n hÃ ng, tháº¥y nhiá»u ng dÃ¹ng nÃªn dÃ¹ng theo, Ä‘á»ƒ xem 1 time sá»­ dá»¥ng cÃ³ Ä‘á»¡ khÃ´ng?  Ship hÃ ng nhanh nhÃ©"
p*****7,4,"ÄÃºng vá»›i mÃ´ táº£:Ä‘Ãºng
MÃ u sáº¯c:Ä‘áº¹p
Cháº¥t liá»‡u:cháº¥t lÆ°á»£ng

XÃ©t 2 th 
th1 m =0 ( tá»± lÃ m )
Th2 m bÃ© hÆ¡n 0 vÃ  m lá»›n hÆ¡n 0
TÃ¬m tá»a Ä‘á»™ Ä‘á»‰nh sau Ä‘Ã³ láº­p báº£ng biáº¿n thiÃªn tÃ¬m cÃ¡c khoáº£ng Ä‘b cá»§a pt
MÃ  do (1, +âˆ) lÃ  con cá»§a khoáº£ng Ä‘Ã³ suy ra Ä‘c 1 cÃ¡i bpt tá»« Ä‘Ã³ tÃ¬m Ä‘c m
Hoáº·c cÃ¡ch nhanh nháº¥t lÃ  Ä‘áº¡o hÃ m sau Ä‘Ã³ :giáº£i pt f(x)'=0
Suy ra nghiá»‡m x theo m suy ra khoáº£ng Ä‘b theo m
Láº­p báº£ng biáº¿n thiÃªn mÃ  do (1,+âˆ) lÃ  con cá»§a khoáº£ng Ä‘b tá»« Ä‘Ã³ cÃ³ Ä‘c bpt 
Tá»« Ä‘Ã³ tÃ¬m Ä‘c m"
phungdat22,5,
x*****4,5,"MÃ¹i hÆ°Æ¡ng:bÃ¬nh thÆ°á»ng
CÃ´ng dá»¥ng:mÃ¡t xa ngÆ°á»i

Cháº£ biáº¿t nÃ³i gÃ¬ vÃ¬ tÃ´i khÃ´ng cÃ³ gÃ¬ Ä‘á»ƒ nÃ³i vá» sáº£n pháº©m nhÆ°ng mÃ  sáº£n pháº©m cÅ©ng Ä‘Æ°á»£c cÅ©ng oke nhÃ¡ nÃªn mua Ä‘i nhÃ© má»i ngÆ°á»i"
hiepnguyen_tongkhotunhamay,3,CÃ´ng dá»¥ng:ko hieeuj quar
x*****i,5,"LÃ m Ä‘áº¹p:táº©y trang sáº¡ch sáº½
HÆ°Æ¡ng thÆ¡m:khÃ´ng mÃ¹i
Máº¹o:láº¥y bÃ´ng táº©y trang nháº¹ nhÃ ng lau sáº¡ch bá»¥i báº©n trÃªn da

Sáº£n pháº©m giao hÃ ng nhanh ,sá»­ dá»¥ng ráº¥t thÃ­ch trÃªn da vÃ  sáº¡ch bá»¥i báº©n ,khuyÃªn má»i ngÆ°á»i nÃªn mua nhÃ© giÃ¡ cáº£ láº¡i ráº¥t ráº» vÃ  há»£p lÃ½ ná»¯a , sáº½ á»§ng há»™ shop láº§n tiáº¿p theo"
cua.rangme,5,"ÄÃºng vá»›i mÃ´ táº£:10/10
Cháº¥t liá»‡u:Jean má»m
MÃ u sáº¯c:Äen nhÆ°ng dá»… phai

Äáº¹p vÃ£iii má»i ngÆ°á»iiii, mang mÃ¡t láº¯m, váº£i Ä‘áº¹p Ã¡, giao hÃ ng nhanh ná»¯a, shop Ä‘á»‰nh"
huyenmy31790,5,"HÃ ng ráº¥t ok , tÆ° váº¥n nhiá»‡t tÃ¬nh , nÃªn mua nha má»i ngÆ°á»i. Shop gÃ³i hÃ ng cáº©n tháº­n . HÃ¬nh áº£nh mang tÃ­nh cháº¥t nháº­n xu"
h*****4,5,"Cháº¥t liá»‡u:gÃ¢n tÄƒm má»ng
MÃ u sáº¯c:há»“ng
ÄÃºng vá»›i mÃ´ táº£:Ä‘Ãºng

PhÃ¹ há»£p vá»›i giÃ¡ tiá»n nÃªn mua nhÃ© má»i ngÆ°á»i"
3*****b,5,"Cháº¥t liá»‡u:ko biáº¿t
MÃ u sáº¯c:Ä‘en- xanh
ÄÃºng vá»›i mÃ´ táº£:Ä‘Ãºng

HÃ ng cx Ä‘Æ°á»£c, tá»‘t chá»§ shop thÃ¢n thiá»‡n ná»¯a"
l*****8,5,"CÃ´ng dá»¥ng:rá»­a máº¯t
MÃ¹i hÆ°Æ¡ng:thoang thoáº£ng mÃ¹i báº¡c hÃ  nháº¹

Nghe review lÃ¢u nÃªn nay quyáº¿t mua thá»­ dÃ¹ng. Khi dÃ¹ng cáº£m tháº¥y the mÃ¡t máº¯t khÃ¡ thoáº£i mÃ¡i, rá»­a khÃ¡ sáº¡ch. Náº¿u cÃ´ng dá»¥ng tá»‘t thÃ¬ mÃ¬nh sáº½ tiáº¿p tá»¥c á»§ng há»™"
thythydzanhmupt,5,"CÃ´ng dá»¥ng:boi tron lam mat

Tháº¥y ok :3 shop bá» giáº¥y thÆ¡m vÃ o nÃªn khÃ¡ lÃ  thÆ¡m ch sd nÃªn ch biáº¿t nma h nÃ³ cáº£ hdsd trÃªn chai thÃ¬ k biáº¿t Ä‘á»ƒ Ä‘Ã¢u cho Ä‘á»¡ ngáº¡i ğŸ˜­"
phammi96,5,"[TB] Data cá»±c Ä‘Ã£, tháº£ ga lÆ°á»›t nÃ©t! Soáº¡n EPH gá»­i 999, CÃ“ NGAY 500MB/ngÃ y Data tá»‘c Ä‘á»™ cao lÆ°á»›t Facebook, Youtube, TikTok cá»±c phÃª vÃ  MIá»„N PHÃ chÆ°Æ¡ng trÃ¬nh Há»c MÃ£i tá»« mobiEdu. Æ¯u Ä‘Ã£i chá»‰ 5.000Ä‘/ngÃ y. Tá»« chá»‘i tÆ° váº¥n CSKH cá»§a MobiFone, soáº¡n TC gá»­i 9241."
thanhxuan1993tn,5,"ÄÃºng vá»›i mÃ´ táº£:ddungs
Cháº¥t liá»‡u:k rÃµ, 2 lá»›p
MÃ u sáº¯c:tráº¯ng kem ráº¥t Ä‘áº¹p

Nháº­n vÃ¡y xinh xá»‰u luÃ´n má»i ngÆ°á»i! Mua Ä‘i k há»‘i háº­n Ä‘Ã¢u áº¡, Ä‘Æ°á»£c táº·ng thÃªm em vÃ²ng nhÆ° kia, gÃ³i hÃ ng siÃªu Ä‘áº¹p, thÆ¡m, váº£i má»m, mÃ u Ä‘áº¹p. NÃ³i chung mÃ¬nh ráº¥t hÃ i lÃ²ng, vote cho shop tá»‘i Ä‘a 5sao cáº£ hÃ ng Ä‘áº¹p, cÃ¡ch gÃ³i hÃ ng, giáº¥y thÆ¡m, cáº£m Æ¡n táº·ng quÃ  nÃ y ná»... mua Ä‘i Ä‘á»«ng ngáº¡i bÃ  con. MÃ¬nh chÆ°a máº·c nhÆ°ng náº¿u máº·c k Ä‘áº¹p lÃ  do dÃ¡ng mÃ¬nh thÃ´i ğŸ˜‚ğŸ˜‚ğŸ˜‚"
hdmed,5,"TÃ­nh nÄƒng ná»•i báº­t:Ä‘áº¹p
Cháº¥t lÆ°á»£ng sáº£n pháº©m:á»•n

Shop Ä‘Ã³ng gÃ³i ká»¹ cÃ ng , giao Ä‘Ãºng sáº£n pháº©m Ä‘Ã£ chá»n , sáº½ á»§ng há»™ shop tÃ­p , chÃºc shop bÃ¡n Ä‘áº¯t â¤ï¸â¤ï¸â¤ï¸â¤ï¸â¤ï¸â¤ï¸"
m*****o,4,"Cháº¥t lÆ°á»£ng sáº£n pháº©m:k bit
ÄÃºng vá»›i mÃ´ táº£:ok

Shop Ä‘Ã³ng gÃ³i vÃ  chá»‘ng shock cáº©n tháº­n nÃªn Ä‘áº¿n tay tui há»™p váº«n nguyÃªn xi khÃ´ng mÃ³p. Date xa. Hi vá»ng meow thÃ­ch Ä‘á»ƒ nao á»§ng há»™ tiáº¿p"
vohuy123dz,5,"Cháº¥t lÆ°á»£ng sáº£n pháº©m:tá»‘t

Sáº£n pháº©m thÃºi thÃ´i rá»“i nhÆ°ng cÃ³ vÃ i trÃ¡i khÃ´ng thÃºi"
puppy190804,5,
brohoang89,5,MÃ¬nh mua vá» dÃ¹ng cho con mÃ n hÃ¬nh samsung 24in. Tháº¥y á»•n Ã¡p. Di chuyá»ƒn kÃ©o ra kÃ©o vÃ o nÃ¢ng lÃªn háº¡ xuá»‘ng khÃ¡ mÆ°á»£t mÃ .
h*****4,5,"CÃ¢n dÃ¹ng tá»‘t, láº§n Ä‘áº§u tiÃªn nÃªn cÃ¢n Ã­t nháº¥t ba láº§n thÃ¬ sá»‘ cÃ¢n má»›i chÃ­nh xÃ¡c Ä‘Æ°á»£c, cÃ³ dÃ¢y cáº¯m"
ngnht637,2,"ÄÃºng vá»›i mÃ´ táº£:Ä‘Ãºng
MÃ u sáº¯c:Ä‘en
Cháº¥t liá»‡u:nhá»±a dÃ¢y caosu

VÃ i tiáº¿ng láº¡i sai giá» cháº£ há»‰u"
c*****y,5,"CÃ´ng dá»¥ng:Che khuyáº¿t Ä‘iá»ƒm
Káº¿t cáº¥u:má»‹n, má»ng
Äá»™ bá»n mÃ u:cÃ³ gÃ¬ update sau nha

Che phá»§ tá»‘t (hoáº·c cÃ³ thá»ƒ do mÃ¬nh Ã­t khuyáº¿t Ä‘iá»ƒm), che quáº§ng thÃ¢m ok láº¯m nha, cÃ¡i Ã´ mÃ u xanh che phá»§ vÃ¹ng khÃ³e mÅ©i cÅ©ng tá»‘t láº¯m (mÃ¬nh ko cÃ³ má»¥n Ä‘á» Ä‘á»ƒ test). nÃ³i chung lÃ  trÃªn cáº£ tuyá»‡t vá»i, ká»ƒ cáº£ cÃ³ mau trÃ´i thÃ¬ vá»›i giÃ¡ 49k váº«n cá»© lÃ  5 sao â¤"
thaotodethuong,5,"Äá»™ bá»n mÃ u:oke
CÃ´ng dá»¥ng:oke

lÃªn mÃ u siÃªu Ä‘á»‰nh cháº¥m nháº¹ lÃ  phÃ¡t sÃ¡ng oke lÃ  quÃ¡ áº¡ má»i ngÆ°á»i nÃªn mua nha sáº½ á»§ng há»™ shop"
klongtrn944,5,"MÃ u sáº¯c:Ä‘áº¹p
ÄÃºng vá»›i mÃ´ táº£:Ä‘Ãºng
Cháº¥t liá»‡u:ráº¥t tá»‘t

MÃ¬nh mua táº·ng em vÃ¬ lÃ¢u rá»“i khÃ´ng táº·ng nÃ³ cÃ¡i gÃ¬ háº¿t"
n*****n,5,"CÃ´ng dá»¥ng:Äá»±ng kÃ­nh Ã¡p trÃ²ng
MÃ¹i hÆ°Æ¡ng:KhÃ´ng

Há»™p cháº¯c cháº¯n láº¯m, nhá»±a cÃ²n Ä‘áº¹p hÆ¡n cáº£ cÃ¡i há»™p mÃ¬nh mua 30k. Káº¹p gáº¯p cÅ©ng Ä‘Ãºng kiá»ƒu mÃ¬nh thÃ­ch luÃ´n."
duongt.tran,5,"Cháº¥t lÆ°á»£ng sáº£n pháº©m:ok
TÃ­nh nÄƒng ná»•i báº­t:nghe nháº¡c, chá»‘ng á»“n

Má»›i Ä‘áº·t hqua mÃ  hnay Ä‘Ã£ nháº­n Ä‘Æ°á»£c luÃ´n r, tai nghe háº¡t dáº» quÃ¡ mÃ  chÆ°a biáº¿t dÃ¹ng cÃ³ Ä‘c lÃ¢u ko ğŸ˜‚. NhÆ°ng nghe cÅ©ng okela áº¡"
minhphungts,1,
thoantruong81,5,"Shop Ä‘Ã³ng gÃ³i cáº©n tháº­n giao hÃ ng nhanh, dÃ¢y Ä‘áº¹p nhÆ°ng khÃ´ng má»m láº¯m hy vá»ng Ä‘eo thá»i gian dÃ¢y sáº½ má»m láº¡i, thanks shop"
a*****6,5,"Shop giao hÃ ng Ä‘á»§, che tÃªn sáº£n pháº©m mÃ¬nh tháº¥y dÃ¹ng cÃ¡i vÃ ng ok hÆ¡n cÃ¡i xanh dc táº·ng"
nicegem151,5,"Quáº§n jean ná»¯ á»‘ng loe co giÃ£n nhÆ° hÃ¬nh, quáº§n loe vá»«a chá»© ko loe láº¯m nÃªn nhÃ¬n cÅ©ng á»•n, co giÃ£n tá»‘t, tui 63kg máº·c thoáº£i mÃ¡i."
,5,"Lens giao Ä‘Ãºng máº«u 
Lens Ä‘eo Ãªm Ä‘áº¹p dÃ£ mannn hmi hmu 
áº¢nh vá»›i video khÃ´ng liÃªn quan nhÆ°ng mÃ  shop Ä‘á»‰nk wa 
Sáº½ tiáº¿p tá»¥c á»§ng há»™ shopp:33
Bá»c hÃ ng Ä‘Ãºng kÄ© luÃ´n "
hiivnn880,3,"ÄÃºng vá»›i mÃ´ táº£:Ä‘Æ°á»£c
Cháº¥t liá»‡u:Ä‘Æ°á»£c
MÃ u sáº¯c:Ä‘Æ°á»£c

KhÃ´ngg chá»‘ng tháº¥m nÆ°á»›c"
quangvipv,5,"CÃ´ng dá»¥ng:cá»­ng chim

Sáº£n pháº©m tá»‘t, chÃ­nh hÃ£ng an toÃ n vá»›i ngÆ°á»i sá»­ dá»¥ng , Ã­t gÃ¢y áº£nh hÆ°á»Ÿng Ä‘áº¿n sá»©c khá»e ngÆ°á»i sá»­ dá»¥ng"
trieuchau263,5,"Cháº¥t liá»‡u:da
MÃ u sáº¯c:den
ÄÃºng vá»›i mÃ´ táº£:dung

Giao hÃ ng 5 ngÃ y. Äáº¹p láº¯m nha trÃ²iii sÄƒn sale táº·ng quÃ  ngiu Ä‘á»“ng há»“ Ä‘áº¹p chá»‹u khÃ³ Ä‘á»c sÃ¡ch hÆ°á»›ng dáº«n lÃ  biáº¿t sÃ i Ã  máº¥y cÃ¢y kim nhá» cÅ©ng hoáº¡t Ä‘á»™ng ná»¯a. Tuyá»‡tttttt"
hienvannguyenlambui,5,"Cháº¥t lÆ°á»£ng sáº£n pháº©m:ok
ÄÃºng vá»›i mÃ´ táº£:ok

Mua sáº£n pháº©m trong Ä‘á»£t giáº£m giÃ¡, cuá»‘i cÃ¹ng cÅ©ng cáº§m nÃ³ trong tay Ä‘Æ°á»£c.
Khi mua vá», cáº£ gia Ä‘Ã¬nh vÃ  báº¡n bÃ¨ khen ngá»£i vÃ  há»i mua á»Ÿ Ä‘Ã¢u mÃ  ráº» vÃ  Ä‘áº¹p tháº¿.
Sáº£n pháº©m bÃ y bÃ¡n á»Ÿ shop nÃ y tháº­t sá»± cháº¥t lÆ°á»£ng vÃ  giÃ¡ cáº£ há»£p lÃ½, mÃ¬nh khÃ´ng biáº¿t má»i ngÆ°á»i tháº¥y tháº¿ nÃ o."
d*****8,5,"ÄÃºng vá»›i mÃ´ táº£:uki
Cháº¥t lÆ°á»£ng sáº£n pháº©m:da

á»‘p bá»c kÄ©, giao hÃ ng cá»±c kÃ¬ nhanh, khá»›p Ä‘iá»‡n thoáº¡i, nam chÃ¢m nháº¡y ncl á»•n nhÃ©"
o*****5,5,"BÃ n phÃ­m chuá»™t Bluetooth hoáº¡t Ä‘á»™ng tá»‘t, thiáº¿t káº¿ nhá» gá»n vÃ  dá»… dÃ ng mang theo. Cáº£m giÃ¡c lÃ m viá»‡c trá»Ÿ nÃªn thÃº vá»‹ hÆ¡n!"
n*****2,5,"CÃ´ng dá»¥ng:ok

Tráº£i nghiá»‡m láº§n Ä‘áº§u tá»± mua 3 ğŸº cÃ¡ nhÃ¢n mÃ¬nh khÃ´ng thÃ­ch mÃ¹i vani nÃ y láº¯m vÃ¬ hÆ¡i háº¯c"
iaaajqdwm3,5,Äá»“ xinh giÃ¡ ráº» láº¯m . NhÆ°ng vÃ¬ lÃ  shop quá»‘c táº¿ nÃªn ship lÃ¢u lÃ©m ajjj
nguyendinhson1919,1,"MÃ u sáº¯c:Ä‘áº¹p
Cháº¥t liá»‡u:tá»‘t
ÄÃºng vá»›i mÃ´ táº£:khÃ´ng Ä‘Ãºng

Giao hÃ ng nhanh . ÄÃ³ng gÃ³i kÄ© cÃ ng . NhÆ°ng khÃ´ng báº­t vÃ  sá»­ dá»¥ng Ä‘Æ°á»£c. Nháº¯n tin há»i shop thÃ¬ khÃ´ng tráº£ lá»i"
longnguyen168,1,ChÆ¡i chÆ°a Ä‘Æ°á»£c 5 phÃºt . bá»‹ liá»‡t nÃºt Ä‘iá»u khiá»ƒn
h*****5,5,"shop giao Ä‘á»§ sá»‘ lÆ°á»£ng, hÃ ng y nhÆ° mÃ´ táº£, hÃ ng quá»‘c táº¿ nÃªn giao hÆ¡i lÃ¢u, giÃ¡ ráº» oke"
cma8wu0ul_,4,"DÃ nh cho da:dÃ nh cho da má»¥n nha shop giao hÃ ng siÃªu siÃªu nhanh luÃ´n áº¡ 1 ngÃ y lÃ  cÃ³ hÃ ng liá»n dÃ¹ng ok láº§n sau á»§ng há»™ tiáº¿p áº¡
CÃ´ng dá»¥ng:chÆ°a sá»­ dá»¥ng
MÃ¹i hÆ°Æ¡ng:mÃ¹i báº¡c hÃ  mÃ¡t"
umwb7wkzq9,1,Kháº©u trang dá»¡ xÃ© 1 cÃ¡i nÃ³ tÃ©t ra lm 2 háº¿t trÆ¡n shop bÃ¡n hÃ ng nhÆ° qq
bvo5_25rln,5,"Shop giao hang nhanh, dung quáº£ng cÃ¡o, dong gÃ³i can than, xÃ i rung ok, hÃ¬nh anh mang tÃ­nh cháº¥t lay xu! Mn nÃªn mua thu!"
yen_linh113,1,"Cháº¥t lÆ°á»£ng sáº£n pháº©m:kÃ©m
Bao bÃ¬/Máº«u mÃ£:Ä‘Ãºng máº«u

Khi mÃ¬nh nháº­n Ä‘Æ°á»£c hÃ ng, khui ra xem hÃ ng bá»‹ lá»—i mÃ¬nh nt gá»­i shop xem thÃ¬ shop khÃ´ng rep tin nháº¯n cá»§a mÃ¬nh, gá»­i hÃ ng cháº­m, nÃ³i chung shop giÃ³ Ä‘Ãºng máº«u, nhÆ°ng chÄƒm sÃ³c khach hÃ ng kÃ©m cháº¥t lÆ°á»£ng"
maria_truc_1989,5,"CÃ´ng dá»¥ng:khÃ³a makeup
Äá»™ bá»n mÃ u:chÆ°a biáº¿t

ChÆ°a biáº¿t sao nhÆ°ng bao bÃ¬ Ä‘áº¹p mÃ¹i thÆ¡m dá»… chá»‹u , xá»‹t Æ°ng , cÃ²n táº·ng quÃ  ná»¯a, cho shop 100 sao ,á»§ng há»™ dÃ i dÃ i ğŸ‘ğŸ˜…ğŸ”¥ğŸ’¯â¤ğŸ˜ğŸ’‹ğŸŒ"
t*****2,5,"Bao bÃ¬/Máº«u mÃ£:ok
Äá»™ tuá»•i sá»­ dá»¥ng:3
Cháº¥t lÆ°á»£ng sáº£n pháº©m:ok

Giao hÃ nh nhanh Ä‘áº§y Ä‘á»§. ÄÃ³ng gÃ³i cáº©n tháº­n. ÄÃ£ mua 3 cÃ¡i cho cáº£ con chÃ¡u cÃ¹ng chÆ¡i.  CÃ¡c bÃ© ráº¥t thÃ­ch. Sáº½ á»§ng há»™ shop láº§n sau"
q*****6,1,"Cháº¥t liá»‡u:thÃ©p
ÄÃºng vá»›i mÃ´ táº£:Ä‘Ãºng
MÃ u sáº¯c:xam

Äá»“ng há»“ lá»ng láº»o chÆ°a dÃ¹ng Ä‘Ã£ há»ng,ko nÃªn mua"
t*****u,5,"CÃ´ng dá»¥ng:Duong am
MÃ¹i hÆ°Æ¡ng:ko mÃ¹i
DÃ nh cho da:khÃ´

Cháº¥t kem má»‹n thoa lÃªn má»m tay mÆ°á»›t láº¯m áº¡ğŸ˜ŠğŸ˜ŠğŸ˜ŠğŸ˜Š"
haole819,5,"Cháº¥t liá»‡u:cháº¥t liá»‡u tá»‘t nha mn
MÃ u sáº¯c:Ä‘áº¹p láº¯m áº¡
ÄÃºng vá»›i mÃ´ táº£:Ä‘Ãºng mÃ´ táº£ áº¡^^

HÃ¬nh áº£nh mang tÃ­nh cháº¥t nháº­n xu
Sáº£n pháº©m ok nha, cÃ³ Ä‘iá»u Ä‘eo hÆ¡i bÃ³ 1 chÃºt"
oehkhoangthong186,5,"Sáº£n pháº©m Ä‘Ã³ng gÃ³i Ä‘áº¹p vÃ  cháº¯c cháº¯n,giao hÃ ng nhanh,shop phá»¥c vá»¥ ráº¥t tá»‘t, ráº¥t Ä‘Ã¡ng tiá»n, sáº½ á»§ng há»™ shop trong nhá»¯ng láº§n tiáº¿p theo"
_*****_,5,"cháº¥t lÆ°á»£ng sáº£n pháº©m tá»‘t
Ä‘Ã³ng gÃ³i kÄ© cÃ ng, Ä‘áº¹p
giao hÃ ng nhanh
sáº½ á»§ng há»™ thÃªm"
nguyenthanhthuybts,5,"Äá»™ bá»n mÃ u:sÃ¡ng
CÃ´ng dá»¥ng:Ä‘Ã¡nh ná»n

HÃ ng giao nhanh , hÃ ng quá»‘c táº¿ mÃ  3 ngÃ y lÃ  cÃ³ rá»“i ,há»™p xinh chÆ°a dÃ¹ng khÃ´ng biáº¿t nhÆ° tháº¿ nÃ o ná»¯a nhÆ°ng nhÃ¬n chung Ä‘áº¹p pháº¥n phá»§ má»m máº¡i"
hangmmm,5,"Cháº¥t liá»‡u:jean
ÄÃºng vá»›i mÃ´ táº£:Ä‘Ãºng
MÃ u sáº¯c:Ä‘en

Quáº§n Ä‘áº¹p vÃ  dÃ y dáº·n láº¯m nha shop. Shop tv nhiá»‡t tÃ¬nh. Cáº£m Æ¡n shop. Sáº½ á»§ng há»™ shop láº§n sau ğŸ˜ğŸ˜ğŸ˜"
giangbui8286,5,"CÃ´ng dá»¥ng:cho da
Äá»™ bá»n mÃ u:OK

Giao hÃ ng nhanh , cáº©n tháº­n nháº¥t khÃ¢u gÃ³i hÃ ng, hÃ ng dÃ¹ng táº¡m Ä‘Æ°á»£c nha cáº£ nhÃ , shop uy tÃ­n"
xxtuyttrn,5,"CÃ´ng dá»¥ng:há»— trá»£ giáº¥c ngá»§
Äá»‘i tÆ°á»£ng sá»­ dá»¥ng:ngÆ°á»i bá»‹ máº¥t ngá»§, lá»‡ch giá» sinh há»c

hÃ´m qua tui lá»¡ ngá»§ tá»« 11h trÆ°a tá»›i 8h tá»‘i nÃªn tá»‘i Äƒn cÅ©ng cÃ³ ngá»§ Ä‘c vÃ i tiáº¿ng =)))) Ä‘á»ƒ tá»‘i nay check láº¡i nhÆ°ng chá»‹ tui Äƒn 1v thui lÃ  tá»‘i qua ngá»§ sá»›m r, cÅ©ng oke Ã¡. Äáº·t hoáº£ tá»‘c shop giao nhanh cá»±c"
hungnguyend,5,"MÃ¹i hÆ°Æ¡ng:Ä‘Ãºng mÃ´ táº£
CÃ´ng dá»¥ng:massage

Giao hÃ ng nhanh - Ä‘Ã³ng gÃ³i cáº©n tháº­n
Sáº£n pháº©m Ä‘Ãºng mÃ´ táº£"
hien15121986,4,Sá»­ dá»¥ng thÃ¬ ok Ä‘Ã³! MÃ  thÃ¢y made in Trung quá»‘c hÆ¡i rÃ©n áº¡ ! CÃ³ ai nÃ³i cho tÃ´i yÃªn tÃ¢m khÃ´ng áº¡
thachtrng066,5,"Ko Ä‘Ãºng giá» nha shop, shipper nhiá»‡t tÃ¬nh, hÃ ng Ä‘áº¹p, ráº» nÃªn cx ko Ä‘Ã²i há»i nhiá»u"
h*****n,3,"HÃ¬nh áº£nh mang tÃ­nh cháº¥t minh hoáº¡, giao hÃ ng nhanh, Ä‘Ã³ng gÃ³i cáº©n tháº­n"
tggac000,5,"Sáº£n pháº©m giá»‘ng nhÆ° hÃ¬nh quáº£ng cÃ¡o trÃªn Shoppe, cháº¥t lÆ°á»£ng sáº£n pháº©m tuyá»‡t vá»i. Náº¿u cÃ³ cÆ¡ há»™i sáº½ á»§ng há»™ shop láº§n ná»¯a. Sáº£n pháº©m Ä‘Æ°á»£c giao hÃ ng nhanh, Ä‘Ãºng thá»i gian quy Ä‘á»‹nh. Sáº£n pháº©m Ä‘Ã³ng gÃ³i Ä‘áº¹p, cháº¯c cháº¯n, An toÃ n, nÃ³i chung ráº¥t Ä‘Ã¡ng tiá»n Ä‘á»ƒ mua."
q7dhzlea5t,5,"CÃ´ng dá»¥ng:OK
Äá»™ bá»n mÃ u:OK

Ch dÃ¹ng thá»­ nhÆ°ng mÃ  Ä‘Ã³ng gÃ³i cáº©n tháº©n nha hÃ ng giao nhanh cháº¥t lÆ°á»£ng thÃ¬ ch biáº¿t Ä‘á»ƒ mik dÃ¹ng thá»­ r quay láº¡i pháº£n há»“i cho cÃ¡c báº¡n nha"
thuthanh.18,5,"TÃ­nh nÄƒng ná»•i báº­t:...
ÄÃºng vá»›i mÃ´ táº£:Ä‘Ãºng
Cháº¥t lÆ°á»£ng sáº£n pháº©m:cao su

Giao nhanh,Ä‘á»“ng há»“ Ä‘Ãºng máº«u,Ä‘Ã³ng gÃ³i hÆ¡i sÆ¡ sÃ i nha."
bongconhanh19,5,"Cháº¥t lÆ°á»£ng sáº£n pháº©m:tá»‘t
ÄÃºng vá»›i mÃ´ táº£:Ä‘Ãºng nhÆ° hÃ¬nh áº£nh quáº£ng cÃ¡o

HÃ ng Ä‘áº¹p, cá»©ng cÃ¡p, mÃ u sáº¯c Ä‘a dáº¡ng. GiÃ¡ cáº£ há»£p lÃ½, giao hÃ ng nhanh. Mn nÃªn mua"
c*****y,5,"ÄÃºng vá»›i mÃ´ táº£:Ä‘Ãºng nhÆ° mÃ´ táº£
Cháº¥t lÆ°á»£ng sáº£n pháº©m:CHÆ°a biáº¿t

Giao hÃ ng nhanh, phá»¥c vá»¥ tá»‘t vÃ  chuyÃªn nghiá»‡p, giÃ¡ thÃ nh pháº£i chÄƒng"
bradleyhuynh,5,"DÃ¢y Ä‘áº¹p, cÃ³ táº·ng 4 chá»‘t thay vÃ  que thÃ¡o dÃ¢y Ä‘á»“ng há»“ ráº¥t á»•n. Tiáº¿c lÃ  Ä‘o bá»‹ thiáº¿u 2mm vÃ¬ váº­y trÆ°á»›c khi mua cÃ¡c báº¡n Ä‘á»«ng Ä‘o khoáº£ng cÃ¡ch trÃªn sá»£i day cÅ© mÃ  Ä‘o khoáº£ng cÃ¡ch giá»¯a 2 lá»— má»›i Ä‘Ãºng"
tlngvn991,2,"CÃ´ng dá»¥ng:cÅ©ng Ä‘c
Äá»‘i tÆ°á»£ng sá»­ dá»¥ng:dÃ¢y dá»… Ä‘á»©t

Kháº©u trang cÃ¡ 3 lá»›p má»ng lÃ©t dÃ¢y thÃ¬ dá»… Ä‘á»©t"
thungann2005,4,"Má»›i dÃ¹ng 1 láº§n khÃ¡ ok sáº¡c khÃ¡ nhanh tiá»‡n vÃ¬ cÃ³ Ä‘á»§ loáº¡i cap luÃ´n nhÆ°nggg, k hiá»ƒu sao shop cho cÃ¡i cap tyce c Ä‘á»™c láº¡ k cáº¯m ná»•i vÃ o sáº¡c nt thÃ¬ chÄƒm sÃ³c cháº­m cá»±c kÃ¬ vÃ  k nhiá»‡t tÃ¬nh."
letam_1909,5,"Bao bÃ¬/Máº«u mÃ£:shop Ä‘Ã³ng gÃ³i cáº©n tháº­n
Äá»™ tuá»•i sá»­ dá»¥ng:1-2 tuá»•i
Cháº¥t lÆ°á»£ng sáº£n pháº©m:cháº¥t lÆ°á»£ng Ä‘Ãºng vá»›i mÃ´ táº£ sáº£n pháº©m"
q09hdngjr0,5,"ÄÃºng vá»›i mÃ´ táº£:Ä‘Ãºng
Cháº¥t lÆ°á»£ng sáº£n pháº©m:bÃ¬nh thÆ°á»ng
TÃ­nh nÄƒng ná»•i báº­t:xem giá»

Shop gÃ³i hÃ ng sÆ¡ xÃ i
Shipper thÃ¢n thiá»‡n"
t*****1,5,"Giao hÃ ng nhanh, Ä‘Ã³ng gÃ³i cáº©n tháº­n, giao Ä‘á»§ hÃ ng nÃªn muaaaâ¤ï¸â¤ï¸â¤ï¸"
camtien1906,5,"Cháº¥t lÆ°á»£ng sáº£n pháº©m:xá»©ng dÄ‘Ã¡ng Ä‘á»“ng tiá»n
TÃ­nh nÄƒng ná»•i báº­t:Ã¢m thanh ok

skfjtequpvxzdlawryÅ©oghcb"
u*****i,5,CÃ¢y dÃ¢u táº±m lÃ  loáº¡i cÃ¢y ráº¥t phá»• biáº¿n vá»›i nhiá»u tÃ¡c dá»¥ng. Tá»« nhiá»u Ä‘á»i nÃ y táº¥t cáº£ cÃ¡c thÃ nh pháº§n trÃªn cÃ¢y dÃ¢u Ä‘á»ƒu Ä‘Æ°á»£c dÃ¹ng lÃ m thuá»‘c chá»¯a bá»‡nh. Quáº£ dÃ¢u khÃ´ng chá»‰ Äƒn khÃ¡ ngon mÃ  cÃ²n lÃ  má»™t vá»‹ thuá»‘c vá»›i nhiá»u tÃ¡c dá»¥ng tuyá»‡t vá»i.
thaiminh96,5,"Hiá»‡u á»©ng lÃ m Ä‘áº¹p:mascara
Lá»£i Ã­ch:lÃ m Ä‘áº¹p
Bao bÃ¬:á»•n Ä‘á»‹nh

Trá»i Æ¡i khÃ´ng thá»ƒ tin ná»•i hÃ ng giao Ä‘Ãºng. Báº¥t ngá» hÆ¡n lÃ  Ä‘Æ°á»£c táº·ng quÃ  lÃ  báº¥m mi Ä‘Ãºng kiá»ƒu mÃ¬nh thÃ­ch. Cáº£m Æ¡n shop"
myhanhhi00,5,"Cháº¥t liá»‡u:Ä‘Ãºng
MÃ u sáº¯c:den
ÄÃºng vá»›i mÃ´ táº£:dung

Tai khoan vien thong cua Quy khach hien con duoi 1.000d. Moi Quy khach nap them tien vao tai khoan vien thong. Neu tai khoan vien thong het tien, cuoc phat sinh tiep theo se duoc tru vao tai khoan Tien di dong (neu co).
DAC BIET: Viettel Money dang co nhieu khuyen mai NAP THE/MUA DATA hap dan (chi tiet truy cap https://vt.vtmoney.vn/tkg1k1 ). LH 198 (0d). Tran trong."
